timestamp,county,covid_hospitalizations
2020-07-13T100914,ALACHUA,106
2020-07-13T100914,BAKER,30
2020-07-13T100914,BAY,47
2020-07-13T100914,BREVARD,125
2020-07-13T100914,BROWARD,"1,027"
2020-07-13T100914,CALHOUN,1
2020-07-13T100914,CHARLOTTE,39
2020-07-13T100914,CITRUS,19
2020-07-13T100914,CLAY,43
2020-07-13T100914,COLLIER,186
2020-07-13T100914,COLUMBIA,20
2020-07-13T100914,DESOTO,2
2020-07-13T100914,DUVAL,521
2020-07-13T100914,ESCAMBIA,156
2020-07-13T100914,FLAGLER,20
2020-07-13T100914,FRANKLIN,0
2020-07-13T100914,GADSDEN,0
2020-07-13T100914,GULF,1
2020-07-13T100914,HARDEE,0
2020-07-13T100914,HENDRY,5
2020-07-13T100914,HERNANDO,54
2020-07-13T100914,HIGHLANDS,45
2020-07-13T100914,HILLSBOROUGH,278
2020-07-13T100914,HOLMES,0
2020-07-13T100914,INDIAN RIVER,34
2020-07-13T100914,JACKSON,32
2020-07-13T100914,LAKE,120
2020-07-13T100914,LEE,263
2020-07-13T100914,LEON,71
2020-07-13T100914,MADISON,0
2020-07-13T100914,MANATEE,87
2020-07-13T100914,MARION,92
2020-07-13T100914,MARTIN,48
2020-07-13T100914,MIAMI-DADE,"1,786"
2020-07-13T100914,MONROE,11
2020-07-13T100914,NASSAU,6
2020-07-13T100914,OKALOOSA,40
2020-07-13T100914,OKEECHOBEE,14
2020-07-13T100914,ORANGE,546
2020-07-13T100914,OSCEOLA,207
2020-07-13T100914,PALM BEACH,642
2020-07-13T100914,PASCO,97
2020-07-13T100914,PINELLAS,223
2020-07-13T100914,POLK,143
2020-07-13T100914,PUTNAM,21
2020-07-13T100914,SANTA ROSA,20
2020-07-13T100914,SARASOTA,129
2020-07-13T100914,SEMINOLE,164
2020-07-13T100914,ST. JOHNS,36
2020-07-13T100914,ST. LUCIE,130
2020-07-13T100914,SUMTER,20
2020-07-13T100914,SUWANNEE,0
2020-07-13T100914,TAYLOR,0
2020-07-13T100914,UNION,0
2020-07-13T100914,VOLUSIA,137
2020-07-13T100914,WALTON,5
2020-07-13T100914,WASHINGTON,4
2020-07-13T100914,All,"7,853"
2020-07-13T120201,ALACHUA,106
2020-07-13T120201,BAKER,30
2020-07-13T120201,BAY,58
2020-07-13T120201,BREVARD,125
2020-07-13T120201,BROWARD,"1,209"
2020-07-13T120201,CALHOUN,1
2020-07-13T120201,CHARLOTTE,39
2020-07-13T120201,CITRUS,21
2020-07-13T120201,CLAY,37
2020-07-13T120201,COLLIER,189
2020-07-13T120201,COLUMBIA,20
2020-07-13T120201,DESOTO,2
2020-07-13T120201,DUVAL,544
2020-07-13T120201,ESCAMBIA,156
2020-07-13T120201,FLAGLER,20
2020-07-13T120201,FRANKLIN,0
2020-07-13T120201,GADSDEN,0
2020-07-13T120201,GULF,1
2020-07-13T120201,HARDEE,0
2020-07-13T120201,HENDRY,5
2020-07-13T120201,HERNANDO,62
2020-07-13T120201,HIGHLANDS,45
2020-07-13T120201,HILLSBOROUGH,295
2020-07-13T120201,HOLMES,0
2020-07-13T120201,INDIAN RIVER,34
2020-07-13T120201,JACKSON,33
2020-07-13T120201,LAKE,113
2020-07-13T120201,LEE,234
2020-07-13T120201,LEON,71
2020-07-13T120201,MADISON,0
2020-07-13T120201,MANATEE,89
2020-07-13T120201,MARION,97
2020-07-13T120201,MARTIN,48
2020-07-13T120201,MIAMI-DADE,"1,806"
2020-07-13T120201,MONROE,15
2020-07-13T120201,NASSAU,6
2020-07-13T120201,OKALOOSA,39
2020-07-13T120201,OKEECHOBEE,14
2020-07-13T120201,ORANGE,561
2020-07-13T120201,OSCEOLA,202
2020-07-13T120201,PALM BEACH,628
2020-07-13T120201,PASCO,97
2020-07-13T120201,PINELLAS,223
2020-07-13T120201,POLK,142
2020-07-13T120201,PUTNAM,21
2020-07-13T120201,SANTA ROSA,20
2020-07-13T120201,SARASOTA,129
2020-07-13T120201,SEMINOLE,164
2020-07-13T120201,ST. JOHNS,36
2020-07-13T120201,ST. LUCIE,130
2020-07-13T120201,SUMTER,20
2020-07-13T120201,SUWANNEE,0
2020-07-13T120201,TAYLOR,0
2020-07-13T120201,UNION,0
2020-07-13T120201,VOLUSIA,140
2020-07-13T120201,WALTON,4
2020-07-13T120201,WASHINGTON,4
2020-07-13T120201,All,"8,085"
2020-07-13T190127,ALACHUA,106
2020-07-13T190127,BAKER,37
2020-07-13T190127,BAY,58
2020-07-13T190127,BREVARD,120
2020-07-13T190127,BROWARD,"1,211"
2020-07-13T190127,CALHOUN,1
2020-07-13T190127,CHARLOTTE,39
2020-07-13T190127,CITRUS,21
2020-07-13T190127,CLAY,49
2020-07-13T190127,COLLIER,188
2020-07-13T190127,COLUMBIA,20
2020-07-13T190127,DESOTO,2
2020-07-13T190127,DUVAL,530
2020-07-13T190127,ESCAMBIA,160
2020-07-13T190127,FLAGLER,20
2020-07-13T190127,FRANKLIN,0
2020-07-13T190127,GADSDEN,0
2020-07-13T190127,GULF,2
2020-07-13T190127,HARDEE,0
2020-07-13T190127,HENDRY,5
2020-07-13T190127,HERNANDO,62
2020-07-13T190127,HIGHLANDS,45
2020-07-13T190127,HILLSBOROUGH,265
2020-07-13T190127,HOLMES,0
2020-07-13T190127,INDIAN RIVER,34
2020-07-13T190127,JACKSON,33
2020-07-13T190127,LAKE,113
2020-07-13T190127,LEE,234
2020-07-13T190127,LEON,71
2020-07-13T190127,MADISON,0
2020-07-13T190127,MANATEE,89
2020-07-13T190127,MARION,97
2020-07-13T190127,MARTIN,48
2020-07-13T190127,MIAMI-DADE,"1,808"
2020-07-13T190127,MONROE,15
2020-07-13T190127,NASSAU,6
2020-07-13T190127,OKALOOSA,39
2020-07-13T190127,OKEECHOBEE,14
2020-07-13T190127,ORANGE,561
2020-07-13T190127,OSCEOLA,202
2020-07-13T190127,PALM BEACH,622
2020-07-13T190127,PASCO,97
2020-07-13T190127,PINELLAS,215
2020-07-13T190127,POLK,142
2020-07-13T190127,PUTNAM,21
2020-07-13T190127,SANTA ROSA,20
2020-07-13T190127,SARASOTA,129
2020-07-13T190127,SEMINOLE,164
2020-07-13T190127,ST. JOHNS,36
2020-07-13T190127,ST. LUCIE,130
2020-07-13T190127,SUMTER,20
2020-07-13T190127,SUWANNEE,0
2020-07-13T190127,TAYLOR,0
2020-07-13T190127,UNION,0
2020-07-13T190127,VOLUSIA,142
2020-07-13T190127,WALTON,4
2020-07-13T190127,WASHINGTON,4
2020-07-13T190127,All,"8,051"
2020-07-14T070143,ALACHUA,106
2020-07-14T070143,BAKER,37
2020-07-14T070143,BAY,58
2020-07-14T070143,BREVARD,120
2020-07-14T070143,BROWARD,"1,210"
2020-07-14T070143,CALHOUN,1
2020-07-14T070143,CHARLOTTE,39
2020-07-14T070143,CITRUS,21
2020-07-14T070143,CLAY,49
2020-07-14T070143,COLLIER,188
2020-07-14T070143,COLUMBIA,20
2020-07-14T070143,DESOTO,2
2020-07-14T070143,DUVAL,530
2020-07-14T070143,ESCAMBIA,160
2020-07-14T070143,FLAGLER,20
2020-07-14T070143,FRANKLIN,0
2020-07-14T070143,GADSDEN,0
2020-07-14T070143,GULF,2
2020-07-14T070143,HARDEE,0
2020-07-14T070143,HENDRY,5
2020-07-14T070143,HERNANDO,62
2020-07-14T070143,HIGHLANDS,45
2020-07-14T070143,HILLSBOROUGH,265
2020-07-14T070143,HOLMES,0
2020-07-14T070143,INDIAN RIVER,34
2020-07-14T070143,JACKSON,33
2020-07-14T070143,LAKE,113
2020-07-14T070143,LEE,234
2020-07-14T070143,LEON,71
2020-07-14T070143,MADISON,0
2020-07-14T070143,MANATEE,89
2020-07-14T070143,MARION,97
2020-07-14T070143,MARTIN,48
2020-07-14T070143,MIAMI-DADE,"1,808"
2020-07-14T070143,MONROE,15
2020-07-14T070143,NASSAU,6
2020-07-14T070143,OKALOOSA,39
2020-07-14T070143,OKEECHOBEE,14
2020-07-14T070143,ORANGE,561
2020-07-14T070143,OSCEOLA,202
2020-07-14T070143,PALM BEACH,622
2020-07-14T070143,PASCO,97
2020-07-14T070143,PINELLAS,215
2020-07-14T070143,POLK,142
2020-07-14T070143,PUTNAM,21
2020-07-14T070143,SANTA ROSA,20
2020-07-14T070143,SARASOTA,129
2020-07-14T070143,SEMINOLE,164
2020-07-14T070143,ST. JOHNS,36
2020-07-14T070143,ST. LUCIE,130
2020-07-14T070143,SUMTER,20
2020-07-14T070143,SUWANNEE,0
2020-07-14T070143,TAYLOR,0
2020-07-14T070143,UNION,0
2020-07-14T070143,VOLUSIA,142
2020-07-14T070143,WALTON,4
2020-07-14T070143,WASHINGTON,4
2020-07-14T070143,All,"8,050"
2020-07-14T120021,ALACHUA,115
2020-07-14T120021,BAKER,37
2020-07-14T120021,BAY,66
2020-07-14T120021,BREVARD,126
2020-07-14T120021,BROWARD,"1,220"
2020-07-14T120021,CALHOUN,1
2020-07-14T120021,CHARLOTTE,40
2020-07-14T120021,CITRUS,20
2020-07-14T120021,CLAY,61
2020-07-14T120021,COLLIER,118
2020-07-14T120021,COLUMBIA,20
2020-07-14T120021,DESOTO,2
2020-07-14T120021,DUVAL,515
2020-07-14T120021,ESCAMBIA,167
2020-07-14T120021,FLAGLER,20
2020-07-14T120021,FRANKLIN,0
2020-07-14T120021,GADSDEN,0
2020-07-14T120021,GULF,2
2020-07-14T120021,HARDEE,0
2020-07-14T120021,HENDRY,3
2020-07-14T120021,HERNANDO,58
2020-07-14T120021,HIGHLANDS,51
2020-07-14T120021,HILLSBOROUGH,291
2020-07-14T120021,HOLMES,0
2020-07-14T120021,INDIAN RIVER,35
2020-07-14T120021,JACKSON,36
2020-07-14T120021,LAKE,128
2020-07-14T120021,LEE,274
2020-07-14T120021,LEON,65
2020-07-14T120021,MADISON,0
2020-07-14T120021,MANATEE,90
2020-07-14T120021,MARION,93
2020-07-14T120021,MARTIN,43
2020-07-14T120021,MIAMI-DADE,"1,822"
2020-07-14T120021,MONROE,15
2020-07-14T120021,NASSAU,4
2020-07-14T120021,OKALOOSA,39
2020-07-14T120021,OKEECHOBEE,17
2020-07-14T120021,ORANGE,568
2020-07-14T120021,OSCEOLA,183
2020-07-14T120021,PALM BEACH,637
2020-07-14T120021,PASCO,104
2020-07-14T120021,PINELLAS,237
2020-07-14T120021,POLK,142
2020-07-14T120021,PUTNAM,21
2020-07-14T120021,SANTA ROSA,18
2020-07-14T120021,SARASOTA,141
2020-07-14T120021,SEMINOLE,194
2020-07-14T120021,ST. JOHNS,36
2020-07-14T120021,ST. LUCIE,135
2020-07-14T120021,SUMTER,25
2020-07-14T120021,SUWANNEE,0
2020-07-14T120021,TAYLOR,0
2020-07-14T120021,UNION,0
2020-07-14T120021,VOLUSIA,141
2020-07-14T120021,WALTON,6
2020-07-14T120021,WASHINGTON,5
2020-07-14T120021,All,"8,187"
2020-07-14T123224,ALACHUA,115
2020-07-14T123224,BAKER,38
2020-07-14T123224,BAY,63
2020-07-14T123224,BREVARD,126
2020-07-14T123224,BROWARD,"1,222"
2020-07-14T123224,CALHOUN,1
2020-07-14T123224,CHARLOTTE,41
2020-07-14T123224,CITRUS,20
2020-07-14T123224,CLAY,61
2020-07-14T123224,COLLIER,124
2020-07-14T123224,COLUMBIA,20
2020-07-14T123224,DESOTO,2
2020-07-14T123224,DUVAL,525
2020-07-14T123224,ESCAMBIA,167
2020-07-14T123224,FLAGLER,20
2020-07-14T123224,FRANKLIN,0
2020-07-14T123224,GADSDEN,0
2020-07-14T123224,GULF,2
2020-07-14T123224,HARDEE,0
2020-07-14T123224,HENDRY,3
2020-07-14T123224,HERNANDO,58
2020-07-14T123224,HIGHLANDS,51
2020-07-14T123224,HILLSBOROUGH,293
2020-07-14T123224,HOLMES,0
2020-07-14T123224,INDIAN RIVER,35
2020-07-14T123224,JACKSON,36
2020-07-14T123224,LAKE,133
2020-07-14T123224,LEE,274
2020-07-14T123224,LEON,65
2020-07-14T123224,MADISON,0
2020-07-14T123224,MANATEE,95
2020-07-14T123224,MARION,86
2020-07-14T123224,MARTIN,43
2020-07-14T123224,MIAMI-DADE,"1,839"
2020-07-14T123224,MONROE,19
2020-07-14T123224,NASSAU,4
2020-07-14T123224,OKALOOSA,38
2020-07-14T123224,OKEECHOBEE,17
2020-07-14T123224,ORANGE,568
2020-07-14T123224,OSCEOLA,193
2020-07-14T123224,PALM BEACH,652
2020-07-14T123224,PASCO,104
2020-07-14T123224,PINELLAS,237
2020-07-14T123224,POLK,148
2020-07-14T123224,PUTNAM,15
2020-07-14T123224,SANTA ROSA,18
2020-07-14T123224,SARASOTA,141
2020-07-14T123224,SEMINOLE,191
2020-07-14T123224,ST. JOHNS,35
2020-07-14T123224,ST. LUCIE,135
2020-07-14T123224,SUMTER,25
2020-07-14T123224,SUWANNEE,0
2020-07-14T123224,TAYLOR,0
2020-07-14T123224,UNION,0
2020-07-14T123224,VOLUSIA,144
2020-07-14T123224,WALTON,6
2020-07-14T123224,WASHINGTON,5
2020-07-14T123224,All,"8,253"
2020-07-14T190213,ALACHUA,115
2020-07-14T190213,BAKER,34
2020-07-14T190213,BAY,63
2020-07-14T190213,BREVARD,126
2020-07-14T190213,BROWARD,"1,228"
2020-07-14T190213,CALHOUN,1
2020-07-14T190213,CHARLOTTE,41
2020-07-14T190213,CITRUS,20
2020-07-14T190213,CLAY,61
2020-07-14T190213,COLLIER,193
2020-07-14T190213,COLUMBIA,20
2020-07-14T190213,DESOTO,2
2020-07-14T190213,DUVAL,535
2020-07-14T190213,ESCAMBIA,167
2020-07-14T190213,FLAGLER,20
2020-07-14T190213,FRANKLIN,0
2020-07-14T190213,GADSDEN,0
2020-07-14T190213,GULF,2
2020-07-14T190213,HARDEE,0
2020-07-14T190213,HENDRY,3
2020-07-14T190213,HERNANDO,58
2020-07-14T190213,HIGHLANDS,51
2020-07-14T190213,HILLSBOROUGH,293
2020-07-14T190213,HOLMES,0
2020-07-14T190213,INDIAN RIVER,35
2020-07-14T190213,JACKSON,36
2020-07-14T190213,LAKE,133
2020-07-14T190213,LEE,274
2020-07-14T190213,LEON,65
2020-07-14T190213,MADISON,0
2020-07-14T190213,MANATEE,95
2020-07-14T190213,MARION,86
2020-07-14T190213,MARTIN,43
2020-07-14T190213,MIAMI-DADE,"1,858"
2020-07-14T190213,MONROE,19
2020-07-14T190213,NASSAU,4
2020-07-14T190213,OKALOOSA,38
2020-07-14T190213,OKEECHOBEE,17
2020-07-14T190213,ORANGE,568
2020-07-14T190213,OSCEOLA,193
2020-07-14T190213,PALM BEACH,652
2020-07-14T190213,PASCO,104
2020-07-14T190213,PINELLAS,237
2020-07-14T190213,POLK,148
2020-07-14T190213,PUTNAM,15
2020-07-14T190213,SANTA ROSA,18
2020-07-14T190213,SARASOTA,141
2020-07-14T190213,SEMINOLE,191
2020-07-14T190213,ST. JOHNS,35
2020-07-14T190213,ST. LUCIE,135
2020-07-14T190213,SUMTER,25
2020-07-14T190213,SUWANNEE,0
2020-07-14T190213,TAYLOR,0
2020-07-14T190213,UNION,0
2020-07-14T190213,VOLUSIA,144
2020-07-14T190213,WALTON,6
2020-07-14T190213,WASHINGTON,5
2020-07-14T190213,All,"8,353"
2020-07-15T070054,ALACHUA,115
2020-07-15T070054,BAKER,34
2020-07-15T070054,BAY,63
2020-07-15T070054,BREVARD,126
2020-07-15T070054,BROWARD,"1,228"
2020-07-15T070054,CALHOUN,1
2020-07-15T070054,CHARLOTTE,41
2020-07-15T070054,CITRUS,20
2020-07-15T070054,CLAY,61
2020-07-15T070054,COLLIER,193
2020-07-15T070054,COLUMBIA,20
2020-07-15T070054,DESOTO,2
2020-07-15T070054,DUVAL,535
2020-07-15T070054,ESCAMBIA,167
2020-07-15T070054,FLAGLER,20
2020-07-15T070054,FRANKLIN,0
2020-07-15T070054,GADSDEN,0
2020-07-15T070054,GULF,2
2020-07-15T070054,HARDEE,0
2020-07-15T070054,HENDRY,3
2020-07-15T070054,HERNANDO,58
2020-07-15T070054,HIGHLANDS,51
2020-07-15T070054,HILLSBOROUGH,293
2020-07-15T070054,HOLMES,0
2020-07-15T070054,INDIAN RIVER,35
2020-07-15T070054,JACKSON,36
2020-07-15T070054,LAKE,133
2020-07-15T070054,LEE,274
2020-07-15T070054,LEON,65
2020-07-15T070054,MADISON,0
2020-07-15T070054,MANATEE,95
2020-07-15T070054,MARION,86
2020-07-15T070054,MARTIN,43
2020-07-15T070054,MIAMI-DADE,"1,858"
2020-07-15T070054,MONROE,19
2020-07-15T070054,NASSAU,4
2020-07-15T070054,OKALOOSA,38
2020-07-15T070054,OKEECHOBEE,17
2020-07-15T070054,ORANGE,568
2020-07-15T070054,OSCEOLA,193
2020-07-15T070054,PALM BEACH,652
2020-07-15T070054,PASCO,104
2020-07-15T070054,PINELLAS,237
2020-07-15T070054,POLK,148
2020-07-15T070054,PUTNAM,15
2020-07-15T070054,SANTA ROSA,18
2020-07-15T070054,SARASOTA,141
2020-07-15T070054,SEMINOLE,191
2020-07-15T070054,ST. JOHNS,35
2020-07-15T070054,ST. LUCIE,135
2020-07-15T070054,SUMTER,25
2020-07-15T070054,SUWANNEE,0
2020-07-15T070054,TAYLOR,0
2020-07-15T070054,UNION,0
2020-07-15T070054,VOLUSIA,144
2020-07-15T070054,WALTON,6
2020-07-15T070054,WASHINGTON,5
2020-07-15T070054,All,"8,353"
2020-07-15T120136,ALACHUA,111
2020-07-15T120136,BAKER,33
2020-07-15T120136,BAY,65
2020-07-15T120136,BRADFORD,0
2020-07-15T120136,BREVARD,128
2020-07-15T120136,BROWARD,"1,170"
2020-07-15T120136,CALHOUN,2
2020-07-15T120136,CHARLOTTE,36
2020-07-15T120136,CITRUS,18
2020-07-15T120136,CLAY,56
2020-07-15T120136,COLLIER,200
2020-07-15T120136,COLUMBIA,23
2020-07-15T120136,DESOTO,4
2020-07-15T120136,DUVAL,519
2020-07-15T120136,ESCAMBIA,183
2020-07-15T120136,FLAGLER,22
2020-07-15T120136,FRANKLIN,0
2020-07-15T120136,GADSDEN,1
2020-07-15T120136,GULF,2
2020-07-15T120136,HARDEE,0
2020-07-15T120136,HENDRY,3
2020-07-15T120136,HERNANDO,69
2020-07-15T120136,HIGHLANDS,54
2020-07-15T120136,HILLSBOROUGH,255
2020-07-15T120136,HOLMES,0
2020-07-15T120136,INDIAN RIVER,35
2020-07-15T120136,JACKSON,36
2020-07-15T120136,LAKE,129
2020-07-15T120136,LEE,243
2020-07-15T120136,LEON,61
2020-07-15T120136,MADISON,0
2020-07-15T120136,MANATEE,79
2020-07-15T120136,MARION,96
2020-07-15T120136,MARTIN,39
2020-07-15T120136,MIAMI-DADE,"1,842"
2020-07-15T120136,MONROE,19
2020-07-15T120136,NASSAU,4
2020-07-15T120136,OKALOOSA,43
2020-07-15T120136,OKEECHOBEE,17
2020-07-15T120136,ORANGE,598
2020-07-15T120136,OSCEOLA,181
2020-07-15T120136,PALM BEACH,649
2020-07-15T120136,PASCO,109
2020-07-15T120136,PINELLAS,238
2020-07-15T120136,POLK,153
2020-07-15T120136,PUTNAM,15
2020-07-15T120136,SANTA ROSA,23
2020-07-15T120136,SARASOTA,148
2020-07-15T120136,SEMINOLE,168
2020-07-15T120136,ST. JOHNS,31
2020-07-15T120136,ST. LUCIE,133
2020-07-15T120136,SUMTER,29
2020-07-15T120136,SUWANNEE,0
2020-07-15T120136,TAYLOR,0
2020-07-15T120136,UNION,0
2020-07-15T120136,VOLUSIA,155
2020-07-15T120136,WALTON,7
2020-07-15T120136,WASHINGTON,5
2020-07-15T120136,All,"8,239"
2020-07-15T190141,ALACHUA,111
2020-07-15T190141,BAKER,33
2020-07-15T190141,BAY,65
2020-07-15T190141,BRADFORD,0
2020-07-15T190141,BREVARD,128
2020-07-15T190141,BROWARD,"1,170"
2020-07-15T190141,CALHOUN,2
2020-07-15T190141,CHARLOTTE,36
2020-07-15T190141,CITRUS,18
2020-07-15T190141,CLAY,56
2020-07-15T190141,COLLIER,200
2020-07-15T190141,COLUMBIA,23
2020-07-15T190141,DESOTO,4
2020-07-15T190141,DUVAL,519
2020-07-15T190141,ESCAMBIA,168
2020-07-15T190141,FLAGLER,22
2020-07-15T190141,FRANKLIN,0
2020-07-15T190141,GADSDEN,1
2020-07-15T190141,GULF,2
2020-07-15T190141,HARDEE,0
2020-07-15T190141,HENDRY,3
2020-07-15T190141,HERNANDO,69
2020-07-15T190141,HIGHLANDS,54
2020-07-15T190141,HILLSBOROUGH,255
2020-07-15T190141,HOLMES,0
2020-07-15T190141,INDIAN RIVER,35
2020-07-15T190141,JACKSON,36
2020-07-15T190141,LAKE,129
2020-07-15T190141,LEE,243
2020-07-15T190141,LEON,63
2020-07-15T190141,MADISON,0
2020-07-15T190141,MANATEE,81
2020-07-15T190141,MARION,96
2020-07-15T190141,MARTIN,39
2020-07-15T190141,MIAMI-DADE,"1,849"
2020-07-15T190141,MONROE,19
2020-07-15T190141,NASSAU,4
2020-07-15T190141,OKALOOSA,43
2020-07-15T190141,OKEECHOBEE,17
2020-07-15T190141,ORANGE,582
2020-07-15T190141,OSCEOLA,181
2020-07-15T190141,PALM BEACH,649
2020-07-15T190141,PASCO,109
2020-07-15T190141,PINELLAS,238
2020-07-15T190141,POLK,153
2020-07-15T190141,PUTNAM,13
2020-07-15T190141,SANTA ROSA,23
2020-07-15T190141,SARASOTA,148
2020-07-15T190141,SEMINOLE,168
2020-07-15T190141,ST. JOHNS,31
2020-07-15T190141,ST. LUCIE,133
2020-07-15T190141,SUMTER,29
2020-07-15T190141,SUWANNEE,0
2020-07-15T190141,TAYLOR,0
2020-07-15T190141,UNION,0
2020-07-15T190141,VOLUSIA,155
2020-07-15T190141,WALTON,7
2020-07-15T190141,WASHINGTON,5
2020-07-15T190141,All,"8,217"
2020-07-16T120106,ALACHUA,114
2020-07-16T120106,BAKER,33
2020-07-16T120106,BAY,73
2020-07-16T120106,BRADFORD,0
2020-07-16T120106,BREVARD,127
2020-07-16T120106,BROWARD,"1,203"
2020-07-16T120106,CALHOUN,2
2020-07-16T120106,CHARLOTTE,31
2020-07-16T120106,CITRUS,26
2020-07-16T120106,CLAY,60
2020-07-16T120106,COLLIER,196
2020-07-16T120106,COLUMBIA,23
2020-07-16T120106,DESOTO,5
2020-07-16T120106,DUVAL,522
2020-07-16T120106,ESCAMBIA,186
2020-07-16T120106,FLAGLER,19
2020-07-16T120106,FRANKLIN,0
2020-07-16T120106,GADSDEN,3
2020-07-16T120106,GULF,2
2020-07-16T120106,HARDEE,0
2020-07-16T120106,HENDRY,4
2020-07-16T120106,HERNANDO,87
2020-07-16T120106,HIGHLANDS,64
2020-07-16T120106,HILLSBOROUGH,542
2020-07-16T120106,HOLMES,0
2020-07-16T120106,INDIAN RIVER,36
2020-07-16T120106,JACKSON,35
2020-07-16T120106,LAKE,139
2020-07-16T120106,LEE,248
2020-07-16T120106,LEON,60
2020-07-16T120106,MADISON,1
2020-07-16T120106,MANATEE,106
2020-07-16T120106,MARION,94
2020-07-16T120106,MARTIN,41
2020-07-16T120106,MIAMI-DADE,"1,879"
2020-07-16T120106,MONROE,19
2020-07-16T120106,NASSAU,1
2020-07-16T120106,OKALOOSA,46
2020-07-16T120106,OKEECHOBEE,17
2020-07-16T120106,ORANGE,625
2020-07-16T120106,OSCEOLA,180
2020-07-16T120106,PALM BEACH,670
2020-07-16T120106,PASCO,139
2020-07-16T120106,PINELLAS,435
2020-07-16T120106,POLK,297
2020-07-16T120106,PUTNAM,16
2020-07-16T120106,SANTA ROSA,20
2020-07-16T120106,SARASOTA,150
2020-07-16T120106,SEMINOLE,164
2020-07-16T120106,ST. JOHNS,29
2020-07-16T120106,ST. LUCIE,127
2020-07-16T120106,SUMTER,29
2020-07-16T120106,SUWANNEE,0
2020-07-16T120106,TAYLOR,0
2020-07-16T120106,UNION,0
2020-07-16T120106,VOLUSIA,154
2020-07-16T120106,WALTON,8
2020-07-16T120106,WASHINGTON,4
2020-07-16T120106,All,"9,091"
2020-07-16T190030,ALACHUA,114
2020-07-16T190030,BAKER,33
2020-07-16T190030,BAY,73
2020-07-16T190030,BRADFORD,0
2020-07-16T190030,BREVARD,127
2020-07-16T190030,BROWARD,"1,201"
2020-07-16T190030,CALHOUN,2
2020-07-16T190030,CHARLOTTE,31
2020-07-16T190030,CITRUS,26
2020-07-16T190030,CLAY,60
2020-07-16T190030,COLLIER,196
2020-07-16T190030,COLUMBIA,23
2020-07-16T190030,DESOTO,5
2020-07-16T190030,DUVAL,521
2020-07-16T190030,ESCAMBIA,186
2020-07-16T190030,FLAGLER,19
2020-07-16T190030,FRANKLIN,0
2020-07-16T190030,GADSDEN,3
2020-07-16T190030,GULF,2
2020-07-16T190030,HARDEE,0
2020-07-16T190030,HENDRY,4
2020-07-16T190030,HERNANDO,87
2020-07-16T190030,HIGHLANDS,64
2020-07-16T190030,HILLSBOROUGH,542
2020-07-16T190030,HOLMES,1
2020-07-16T190030,INDIAN RIVER,36
2020-07-16T190030,JACKSON,35
2020-07-16T190030,LAKE,139
2020-07-16T190030,LEE,248
2020-07-16T190030,LEON,60
2020-07-16T190030,MADISON,1
2020-07-16T190030,MANATEE,106
2020-07-16T190030,MARION,94
2020-07-16T190030,MARTIN,41
2020-07-16T190030,MIAMI-DADE,"1,903"
2020-07-16T190030,MONROE,21
2020-07-16T190030,NASSAU,1
2020-07-16T190030,OKALOOSA,46
2020-07-16T190030,OKEECHOBEE,17
2020-07-16T190030,ORANGE,606
2020-07-16T190030,OSCEOLA,180
2020-07-16T190030,PALM BEACH,670
2020-07-16T190030,PASCO,139
2020-07-16T190030,PINELLAS,434
2020-07-16T190030,POLK,297
2020-07-16T190030,PUTNAM,16
2020-07-16T190030,SANTA ROSA,20
2020-07-16T190030,SARASOTA,150
2020-07-16T190030,SEMINOLE,164
2020-07-16T190030,ST. JOHNS,29
2020-07-16T190030,ST. LUCIE,127
2020-07-16T190030,SUMTER,29
2020-07-16T190030,SUWANNEE,0
2020-07-16T190030,TAYLOR,0
2020-07-16T190030,UNION,0
2020-07-16T190030,VOLUSIA,154
2020-07-16T190030,WALTON,8
2020-07-16T190030,WASHINGTON,4
2020-07-16T190030,All,"9,095"
2020-07-17T070140,ALACHUA,114
2020-07-17T070140,BAKER,33
2020-07-17T070140,BAY,73
2020-07-17T070140,BRADFORD,0
2020-07-17T070140,BREVARD,127
2020-07-17T070140,BROWARD,"1,201"
2020-07-17T070140,CALHOUN,2
2020-07-17T070140,CHARLOTTE,31
2020-07-17T070140,CITRUS,26
2020-07-17T070140,CLAY,60
2020-07-17T070140,COLLIER,196
2020-07-17T070140,COLUMBIA,23
2020-07-17T070140,DESOTO,5
2020-07-17T070140,DUVAL,521
2020-07-17T070140,ESCAMBIA,186
2020-07-17T070140,FLAGLER,19
2020-07-17T070140,FRANKLIN,0
2020-07-17T070140,GADSDEN,3
2020-07-17T070140,GULF,2
2020-07-17T070140,HARDEE,0
2020-07-17T070140,HENDRY,4
2020-07-17T070140,HERNANDO,87
2020-07-17T070140,HIGHLANDS,64
2020-07-17T070140,HILLSBOROUGH,542
2020-07-17T070140,HOLMES,1
2020-07-17T070140,INDIAN RIVER,36
2020-07-17T070140,JACKSON,35
2020-07-17T070140,LAKE,139
2020-07-17T070140,LEE,248
2020-07-17T070140,LEON,60
2020-07-17T070140,MADISON,1
2020-07-17T070140,MANATEE,106
2020-07-17T070140,MARION,94
2020-07-17T070140,MARTIN,41
2020-07-17T070140,MIAMI-DADE,"1,917"
2020-07-17T070140,MONROE,21
2020-07-17T070140,NASSAU,1
2020-07-17T070140,OKALOOSA,46
2020-07-17T070140,OKEECHOBEE,17
2020-07-17T070140,ORANGE,606
2020-07-17T070140,OSCEOLA,180
2020-07-17T070140,PALM BEACH,670
2020-07-17T070140,PASCO,139
2020-07-17T070140,PINELLAS,434
2020-07-17T070140,POLK,297
2020-07-17T070140,PUTNAM,16
2020-07-17T070140,SANTA ROSA,20
2020-07-17T070140,SARASOTA,150
2020-07-17T070140,SEMINOLE,164
2020-07-17T070140,ST. JOHNS,29
2020-07-17T070140,ST. LUCIE,127
2020-07-17T070140,SUMTER,29
2020-07-17T070140,SUWANNEE,0
2020-07-17T070140,TAYLOR,0
2020-07-17T070140,UNION,0
2020-07-17T070140,VOLUSIA,154
2020-07-17T070140,WALTON,8
2020-07-17T070140,WASHINGTON,4
2020-07-17T070140,All,"9,109"
2020-07-17T120058,ALACHUA,119
2020-07-17T120058,BAKER,33
2020-07-17T120058,BAY,80
2020-07-17T120058,BRADFORD,0
2020-07-17T120058,BREVARD,140
2020-07-17T120058,BROWARD,"1,184"
2020-07-17T120058,CALHOUN,2
2020-07-17T120058,CHARLOTTE,37
2020-07-17T120058,CITRUS,24
2020-07-17T120058,CLAY,67
2020-07-17T120058,COLLIER,201
2020-07-17T120058,COLUMBIA,20
2020-07-17T120058,DESOTO,5
2020-07-17T120058,DUVAL,489
2020-07-17T120058,ESCAMBIA,175
2020-07-17T120058,FLAGLER,16
2020-07-17T120058,FRANKLIN,0
2020-07-17T120058,GADSDEN,3
2020-07-17T120058,GULF,2
2020-07-17T120058,HARDEE,0
2020-07-17T120058,HENDRY,3
2020-07-17T120058,HERNANDO,97
2020-07-17T120058,HIGHLANDS,65
2020-07-17T120058,HILLSBOROUGH,419
2020-07-17T120058,HOLMES,1
2020-07-17T120058,INDIAN RIVER,37
2020-07-17T120058,JACKSON,34
2020-07-17T120058,LAKE,132
2020-07-17T120058,LEE,258
2020-07-17T120058,LEON,71
2020-07-17T120058,MADISON,1
2020-07-17T120058,MANATEE,114
2020-07-17T120058,MARION,31
2020-07-17T120058,MARTIN,35
2020-07-17T120058,MIAMI-DADE,"1,728"
2020-07-17T120058,MONROE,21
2020-07-17T120058,NASSAU,5
2020-07-17T120058,OKALOOSA,47
2020-07-17T120058,OKEECHOBEE,17
2020-07-17T120058,ORANGE,609
2020-07-17T120058,OSCEOLA,180
2020-07-17T120058,PALM BEACH,506
2020-07-17T120058,PASCO,132
2020-07-17T120058,PINELLAS,413
2020-07-17T120058,POLK,307
2020-07-17T120058,PUTNAM,16
2020-07-17T120058,SANTA ROSA,21
2020-07-17T120058,SARASOTA,142
2020-07-17T120058,SEMINOLE,172
2020-07-17T120058,ST. JOHNS,32
2020-07-17T120058,ST. LUCIE,138
2020-07-17T120058,SUMTER,30
2020-07-17T120058,SUWANNEE,0
2020-07-17T120058,TAYLOR,0
2020-07-17T120058,UNION,0
2020-07-17T120058,VOLUSIA,143
2020-07-17T120058,WALTON,7
2020-07-17T120058,WASHINGTON,4
2020-07-17T120058,All,"8,565"
2020-07-17T190207,ALACHUA,119
2020-07-17T190207,BAKER,33
2020-07-17T190207,BAY,80
2020-07-17T190207,BRADFORD,0
2020-07-17T190207,BREVARD,142
2020-07-17T190207,BROWARD,"1,199"
2020-07-17T190207,CALHOUN,2
2020-07-17T190207,CHARLOTTE,37
2020-07-17T190207,CITRUS,24
2020-07-17T190207,CLAY,78
2020-07-17T190207,COLLIER,195
2020-07-17T190207,COLUMBIA,20
2020-07-17T190207,DESOTO,5
2020-07-17T190207,DUVAL,489
2020-07-17T190207,ESCAMBIA,175
2020-07-17T190207,FLAGLER,16
2020-07-17T190207,FRANKLIN,0
2020-07-17T190207,GADSDEN,3
2020-07-17T190207,GULF,2
2020-07-17T190207,HARDEE,0
2020-07-17T190207,HENDRY,3
2020-07-17T190207,HERNANDO,97
2020-07-17T190207,HIGHLANDS,65
2020-07-17T190207,HILLSBOROUGH,465
2020-07-17T190207,HOLMES,1
2020-07-17T190207,INDIAN RIVER,28
2020-07-17T190207,JACKSON,34
2020-07-17T190207,LAKE,134
2020-07-17T190207,LEE,258
2020-07-17T190207,LEON,71
2020-07-17T190207,MADISON,1
2020-07-17T190207,MANATEE,114
2020-07-17T190207,MARION,61
2020-07-17T190207,MARTIN,35
2020-07-17T190207,MIAMI-DADE,"1,904"
2020-07-17T190207,MONROE,7
2020-07-17T190207,NASSAU,5
2020-07-17T190207,OKALOOSA,47
2020-07-17T190207,OKEECHOBEE,17
2020-07-17T190207,ORANGE,625
2020-07-17T190207,OSCEOLA,175
2020-07-17T190207,PALM BEACH,633
2020-07-17T190207,PASCO,132
2020-07-17T190207,PINELLAS,428
2020-07-17T190207,POLK,299
2020-07-17T190207,PUTNAM,15
2020-07-17T190207,SANTA ROSA,21
2020-07-17T190207,SARASOTA,142
2020-07-17T190207,SEMINOLE,171
2020-07-17T190207,ST. JOHNS,32
2020-07-17T190207,ST. LUCIE,138
2020-07-17T190207,SUMTER,30
2020-07-17T190207,SUWANNEE,0
2020-07-17T190207,TAYLOR,0
2020-07-17T190207,UNION,0
2020-07-17T190207,VOLUSIA,143
2020-07-17T190207,WALTON,7
2020-07-17T190207,WASHINGTON,4
2020-07-17T190207,All,"8,961"
2020-07-18T070047,ALACHUA,119
2020-07-18T070047,BAKER,33
2020-07-18T070047,BAY,80
2020-07-18T070047,BRADFORD,0
2020-07-18T070047,BREVARD,142
2020-07-18T070047,BROWARD,"1,199"
2020-07-18T070047,CALHOUN,2
2020-07-18T070047,CHARLOTTE,37
2020-07-18T070047,CITRUS,24
2020-07-18T070047,CLAY,78
2020-07-18T070047,COLLIER,195
2020-07-18T070047,COLUMBIA,20
2020-07-18T070047,DESOTO,5
2020-07-18T070047,DUVAL,489
2020-07-18T070047,ESCAMBIA,175
2020-07-18T070047,FLAGLER,16
2020-07-18T070047,FRANKLIN,0
2020-07-18T070047,GADSDEN,3
2020-07-18T070047,GULF,2
2020-07-18T070047,HARDEE,0
2020-07-18T070047,HENDRY,3
2020-07-18T070047,HERNANDO,97
2020-07-18T070047,HIGHLANDS,65
2020-07-18T070047,HILLSBOROUGH,465
2020-07-18T070047,HOLMES,1
2020-07-18T070047,INDIAN RIVER,28
2020-07-18T070047,JACKSON,34
2020-07-18T070047,LAKE,134
2020-07-18T070047,LEE,258
2020-07-18T070047,LEON,71
2020-07-18T070047,MADISON,1
2020-07-18T070047,MANATEE,114
2020-07-18T070047,MARION,61
2020-07-18T070047,MARTIN,35
2020-07-18T070047,MIAMI-DADE,"1,904"
2020-07-18T070047,MONROE,7
2020-07-18T070047,NASSAU,5
2020-07-18T070047,OKALOOSA,47
2020-07-18T070047,OKEECHOBEE,17
2020-07-18T070047,ORANGE,625
2020-07-18T070047,OSCEOLA,175
2020-07-18T070047,PALM BEACH,633
2020-07-18T070047,PASCO,132
2020-07-18T070047,PINELLAS,428
2020-07-18T070047,POLK,299
2020-07-18T070047,PUTNAM,15
2020-07-18T070047,SANTA ROSA,21
2020-07-18T070047,SARASOTA,142
2020-07-18T070047,SEMINOLE,171
2020-07-18T070047,ST. JOHNS,32
2020-07-18T070047,ST. LUCIE,138
2020-07-18T070047,SUMTER,30
2020-07-18T070047,SUWANNEE,0
2020-07-18T070047,TAYLOR,0
2020-07-18T070047,UNION,0
2020-07-18T070047,VOLUSIA,143
2020-07-18T070047,WALTON,7
2020-07-18T070047,WASHINGTON,4
2020-07-18T070047,All,"8,961"
2020-07-18T120037,ALACHUA,116
2020-07-18T120037,BAKER,33
2020-07-18T120037,BAY,77
2020-07-18T120037,BRADFORD,0
2020-07-18T120037,BREVARD,144
2020-07-18T120037,BROWARD,"1,221"
2020-07-18T120037,CALHOUN,1
2020-07-18T120037,CHARLOTTE,36
2020-07-18T120037,CITRUS,26
2020-07-18T120037,CLAY,82
2020-07-18T120037,COLLIER,180
2020-07-18T120037,COLUMBIA,25
2020-07-18T120037,DESOTO,5
2020-07-18T120037,DUVAL,484
2020-07-18T120037,ESCAMBIA,191
2020-07-18T120037,FLAGLER,19
2020-07-18T120037,FRANKLIN,0
2020-07-18T120037,GADSDEN,5
2020-07-18T120037,GULF,1
2020-07-18T120037,HARDEE,0
2020-07-18T120037,HENDRY,3
2020-07-18T120037,HERNANDO,92
2020-07-18T120037,HIGHLANDS,63
2020-07-18T120037,HILLSBOROUGH,572
2020-07-18T120037,HOLMES,1
2020-07-18T120037,INDIAN RIVER,26
2020-07-18T120037,JACKSON,31
2020-07-18T120037,LAKE,133
2020-07-18T120037,LEE,253
2020-07-18T120037,LEON,74
2020-07-18T120037,MADISON,1
2020-07-18T120037,MANATEE,82
2020-07-18T120037,MARION,103
2020-07-18T120037,MARTIN,33
2020-07-18T120037,MIAMI-DADE,"1,969"
2020-07-18T120037,MONROE,15
2020-07-18T120037,NASSAU,5
2020-07-18T120037,OKALOOSA,47
2020-07-18T120037,OKEECHOBEE,22
2020-07-18T120037,ORANGE,593
2020-07-18T120037,OSCEOLA,181
2020-07-18T120037,PALM BEACH,584
2020-07-18T120037,PASCO,129
2020-07-18T120037,PINELLAS,435
2020-07-18T120037,POLK,297
2020-07-18T120037,PUTNAM,12
2020-07-18T120037,SANTA ROSA,19
2020-07-18T120037,SARASOTA,154
2020-07-18T120037,SEMINOLE,182
2020-07-18T120037,ST. JOHNS,32
2020-07-18T120037,ST. LUCIE,141
2020-07-18T120037,SUMTER,28
2020-07-18T120037,SUWANNEE,0
2020-07-18T120037,TAYLOR,0
2020-07-18T120037,UNION,0
2020-07-18T120037,VOLUSIA,164
2020-07-18T120037,WALTON,9
2020-07-18T120037,WASHINGTON,3
2020-07-18T120037,All,"9,134"
2020-07-18T190028,ALACHUA,116
2020-07-18T190028,BAKER,33
2020-07-18T190028,BAY,77
2020-07-18T190028,BRADFORD,0
2020-07-18T190028,BREVARD,140
2020-07-18T190028,BROWARD,"1,218"
2020-07-18T190028,CALHOUN,1
2020-07-18T190028,CHARLOTTE,36
2020-07-18T190028,CITRUS,26
2020-07-18T190028,CLAY,82
2020-07-18T190028,COLLIER,180
2020-07-18T190028,COLUMBIA,25
2020-07-18T190028,DESOTO,5
2020-07-18T190028,DUVAL,484
2020-07-18T190028,ESCAMBIA,191
2020-07-18T190028,FLAGLER,19
2020-07-18T190028,FRANKLIN,0
2020-07-18T190028,GADSDEN,5
2020-07-18T190028,GULF,1
2020-07-18T190028,HARDEE,0
2020-07-18T190028,HENDRY,3
2020-07-18T190028,HERNANDO,92
2020-07-18T190028,HIGHLANDS,63
2020-07-18T190028,HILLSBOROUGH,572
2020-07-18T190028,HOLMES,1
2020-07-18T190028,INDIAN RIVER,26
2020-07-18T190028,JACKSON,31
2020-07-18T190028,LAKE,129
2020-07-18T190028,LEE,253
2020-07-18T190028,LEON,74
2020-07-18T190028,MADISON,1
2020-07-18T190028,MANATEE,104
2020-07-18T190028,MARION,103
2020-07-18T190028,MARTIN,32
2020-07-18T190028,MIAMI-DADE,"1,965"
2020-07-18T190028,MONROE,15
2020-07-18T190028,NASSAU,5
2020-07-18T190028,OKALOOSA,47
2020-07-18T190028,OKEECHOBEE,22
2020-07-18T190028,ORANGE,593
2020-07-18T190028,OSCEOLA,181
2020-07-18T190028,PALM BEACH,584
2020-07-18T190028,PASCO,129
2020-07-18T190028,PINELLAS,435
2020-07-18T190028,POLK,297
2020-07-18T190028,PUTNAM,12
2020-07-18T190028,SANTA ROSA,19
2020-07-18T190028,SARASOTA,154
2020-07-18T190028,SEMINOLE,182
2020-07-18T190028,ST. JOHNS,32
2020-07-18T190028,ST. LUCIE,141
2020-07-18T190028,SUMTER,26
2020-07-18T190028,SUWANNEE,0
2020-07-18T190028,TAYLOR,0
2020-07-18T190028,UNION,0
2020-07-18T190028,VOLUSIA,164
2020-07-18T190028,WALTON,9
2020-07-18T190028,WASHINGTON,3
2020-07-18T190028,All,"9,138"
2020-07-19T070156,ALACHUA,116
2020-07-19T070156,BAKER,33
2020-07-19T070156,BAY,77
2020-07-19T070156,BRADFORD,0
2020-07-19T070156,BREVARD,140
2020-07-19T070156,BROWARD,"1,218"
2020-07-19T070156,CALHOUN,1
2020-07-19T070156,CHARLOTTE,36
2020-07-19T070156,CITRUS,26
2020-07-19T070156,CLAY,82
2020-07-19T070156,COLLIER,180
2020-07-19T070156,COLUMBIA,25
2020-07-19T070156,DESOTO,5
2020-07-19T070156,DUVAL,484
2020-07-19T070156,ESCAMBIA,191
2020-07-19T070156,FLAGLER,19
2020-07-19T070156,FRANKLIN,0
2020-07-19T070156,GADSDEN,5
2020-07-19T070156,GULF,1
2020-07-19T070156,HARDEE,0
2020-07-19T070156,HENDRY,3
2020-07-19T070156,HERNANDO,92
2020-07-19T070156,HIGHLANDS,63
2020-07-19T070156,HILLSBOROUGH,572
2020-07-19T070156,HOLMES,1
2020-07-19T070156,INDIAN RIVER,26
2020-07-19T070156,JACKSON,31
2020-07-19T070156,LAKE,129
2020-07-19T070156,LEE,253
2020-07-19T070156,LEON,74
2020-07-19T070156,MADISON,1
2020-07-19T070156,MANATEE,104
2020-07-19T070156,MARION,103
2020-07-19T070156,MARTIN,32
2020-07-19T070156,MIAMI-DADE,"1,970"
2020-07-19T070156,MONROE,15
2020-07-19T070156,NASSAU,5
2020-07-19T070156,OKALOOSA,47
2020-07-19T070156,OKEECHOBEE,22
2020-07-19T070156,ORANGE,593
2020-07-19T070156,OSCEOLA,181
2020-07-19T070156,PALM BEACH,584
2020-07-19T070156,PASCO,129
2020-07-19T070156,PINELLAS,435
2020-07-19T070156,POLK,297
2020-07-19T070156,PUTNAM,12
2020-07-19T070156,SANTA ROSA,19
2020-07-19T070156,SARASOTA,154
2020-07-19T070156,SEMINOLE,182
2020-07-19T070156,ST. JOHNS,32
2020-07-19T070156,ST. LUCIE,141
2020-07-19T070156,SUMTER,26
2020-07-19T070156,SUWANNEE,0
2020-07-19T070156,TAYLOR,0
2020-07-19T070156,UNION,0
2020-07-19T070156,VOLUSIA,164
2020-07-19T070156,WALTON,9
2020-07-19T070156,WASHINGTON,3
2020-07-19T070156,All,"9,143"
2020-07-19T120209,ALACHUA,117
2020-07-19T120209,BAKER,33
2020-07-19T120209,BAY,79
2020-07-19T120209,BRADFORD,0
2020-07-19T120209,BREVARD,136
2020-07-19T120209,BROWARD,"1,240"
2020-07-19T120209,CALHOUN,1
2020-07-19T120209,CHARLOTTE,45
2020-07-19T120209,CITRUS,30
2020-07-19T120209,CLAY,84
2020-07-19T120209,COLLIER,183
2020-07-19T120209,COLUMBIA,25
2020-07-19T120209,DESOTO,4
2020-07-19T120209,DUVAL,521
2020-07-19T120209,ESCAMBIA,198
2020-07-19T120209,FLAGLER,19
2020-07-19T120209,FRANKLIN,0
2020-07-19T120209,GADSDEN,5
2020-07-19T120209,GULF,0
2020-07-19T120209,HARDEE,0
2020-07-19T120209,HENDRY,9
2020-07-19T120209,HERNANDO,83
2020-07-19T120209,HIGHLANDS,61
2020-07-19T120209,HILLSBOROUGH,562
2020-07-19T120209,HOLMES,2
2020-07-19T120209,INDIAN RIVER,23
2020-07-19T120209,JACKSON,29
2020-07-19T120209,LAKE,123
2020-07-19T120209,LEE,252
2020-07-19T120209,LEON,78
2020-07-19T120209,MADISON,1
2020-07-19T120209,MANATEE,112
2020-07-19T120209,MARION,114
2020-07-19T120209,MARTIN,48
2020-07-19T120209,MIAMI-DADE,"2,010"
2020-07-19T120209,MONROE,16
2020-07-19T120209,NASSAU,6
2020-07-19T120209,OKALOOSA,43
2020-07-19T120209,OKEECHOBEE,22
2020-07-19T120209,ORANGE,612
2020-07-19T120209,OSCEOLA,199
2020-07-19T120209,PALM BEACH,606
2020-07-19T120209,PASCO,131
2020-07-19T120209,PINELLAS,466
2020-07-19T120209,POLK,271
2020-07-19T120209,PUTNAM,15
2020-07-19T120209,SANTA ROSA,21
2020-07-19T120209,SARASOTA,157
2020-07-19T120209,SEMINOLE,171
2020-07-19T120209,ST. JOHNS,36
2020-07-19T120209,ST. LUCIE,138
2020-07-19T120209,SUMTER,29
2020-07-19T120209,SUWANNEE,0
2020-07-19T120209,TAYLOR,0
2020-07-19T120209,UNION,0
2020-07-19T120209,VOLUSIA,155
2020-07-19T120209,WALTON,7
2020-07-19T120209,WASHINGTON,3
2020-07-19T120209,All,"9,331"
2020-07-19T213546,ALACHUA,117
2020-07-19T213546,BAKER,33
2020-07-19T213546,BAY,79
2020-07-19T213546,BRADFORD,0
2020-07-19T213546,BREVARD,136
2020-07-19T213546,BROWARD,"1,240"
2020-07-19T213546,CALHOUN,1
2020-07-19T213546,CHARLOTTE,45
2020-07-19T213546,CITRUS,30
2020-07-19T213546,CLAY,84
2020-07-19T213546,COLLIER,183
2020-07-19T213546,COLUMBIA,25
2020-07-19T213546,DESOTO,4
2020-07-19T213546,DUVAL,521
2020-07-19T213546,ESCAMBIA,198
2020-07-19T213546,FLAGLER,19
2020-07-19T213546,FRANKLIN,0
2020-07-19T213546,GADSDEN,5
2020-07-19T213546,GULF,0
2020-07-19T213546,HARDEE,0
2020-07-19T213546,HENDRY,9
2020-07-19T213546,HERNANDO,83
2020-07-19T213546,HIGHLANDS,61
2020-07-19T213546,HILLSBOROUGH,555
2020-07-19T213546,HOLMES,2
2020-07-19T213546,INDIAN RIVER,23
2020-07-19T213546,JACKSON,29
2020-07-19T213546,LAKE,123
2020-07-19T213546,LEE,252
2020-07-19T213546,LEON,78
2020-07-19T213546,MADISON,1
2020-07-19T213546,MANATEE,112
2020-07-19T213546,MARION,114
2020-07-19T213546,MARTIN,48
2020-07-19T213546,MIAMI-DADE,"2,008"
2020-07-19T213546,MONROE,16
2020-07-19T213546,NASSAU,6
2020-07-19T213546,OKALOOSA,43
2020-07-19T213546,OKEECHOBEE,21
2020-07-19T213546,ORANGE,612
2020-07-19T213546,OSCEOLA,199
2020-07-19T213546,PALM BEACH,618
2020-07-19T213546,PASCO,131
2020-07-19T213546,PINELLAS,466
2020-07-19T213546,POLK,300
2020-07-19T213546,PUTNAM,15
2020-07-19T213546,SANTA ROSA,21
2020-07-19T213546,SARASOTA,158
2020-07-19T213546,SEMINOLE,171
2020-07-19T213546,ST. JOHNS,36
2020-07-19T213546,ST. LUCIE,138
2020-07-19T213546,SUMTER,29
2020-07-19T213546,SUWANNEE,0
2020-07-19T213546,TAYLOR,0
2020-07-19T213546,UNION,0
2020-07-19T213546,VOLUSIA,155
2020-07-19T213546,WALTON,7
2020-07-19T213546,WASHINGTON,3
2020-07-19T213546,All,"9,363"
2020-07-20T070039,ALACHUA,117
2020-07-20T070039,BAKER,33
2020-07-20T070039,BAY,79
2020-07-20T070039,BRADFORD,0
2020-07-20T070039,BREVARD,136
2020-07-20T070039,BROWARD,"1,240"
2020-07-20T070039,CALHOUN,1
2020-07-20T070039,CHARLOTTE,45
2020-07-20T070039,CITRUS,30
2020-07-20T070039,CLAY,84
2020-07-20T070039,COLLIER,183
2020-07-20T070039,COLUMBIA,25
2020-07-20T070039,DESOTO,4
2020-07-20T070039,DUVAL,521
2020-07-20T070039,ESCAMBIA,198
2020-07-20T070039,FLAGLER,19
2020-07-20T070039,FRANKLIN,0
2020-07-20T070039,GADSDEN,5
2020-07-20T070039,GULF,0
2020-07-20T070039,HARDEE,0
2020-07-20T070039,HENDRY,9
2020-07-20T070039,HERNANDO,83
2020-07-20T070039,HIGHLANDS,61
2020-07-20T070039,HILLSBOROUGH,555
2020-07-20T070039,HOLMES,2
2020-07-20T070039,INDIAN RIVER,23
2020-07-20T070039,JACKSON,29
2020-07-20T070039,LAKE,123
2020-07-20T070039,LEE,252
2020-07-20T070039,LEON,78
2020-07-20T070039,MADISON,1
2020-07-20T070039,MANATEE,112
2020-07-20T070039,MARION,114
2020-07-20T070039,MARTIN,48
2020-07-20T070039,MIAMI-DADE,"2,008"
2020-07-20T070039,MONROE,16
2020-07-20T070039,NASSAU,6
2020-07-20T070039,OKALOOSA,43
2020-07-20T070039,OKEECHOBEE,21
2020-07-20T070039,ORANGE,612
2020-07-20T070039,OSCEOLA,199
2020-07-20T070039,PALM BEACH,618
2020-07-20T070039,PASCO,131
2020-07-20T070039,PINELLAS,466
2020-07-20T070039,POLK,300
2020-07-20T070039,PUTNAM,15
2020-07-20T070039,SANTA ROSA,21
2020-07-20T070039,SARASOTA,158
2020-07-20T070039,SEMINOLE,171
2020-07-20T070039,ST. JOHNS,36
2020-07-20T070039,ST. LUCIE,138
2020-07-20T070039,SUMTER,29
2020-07-20T070039,SUWANNEE,0
2020-07-20T070039,TAYLOR,0
2020-07-20T070039,UNION,0
2020-07-20T070039,VOLUSIA,155
2020-07-20T070039,WALTON,7
2020-07-20T070039,WASHINGTON,3
2020-07-20T070039,All,"9,363"
2020-07-20T120134,ALACHUA,123
2020-07-20T120134,BAKER,33
2020-07-20T120134,BAY,94
2020-07-20T120134,BRADFORD,0
2020-07-20T120134,BREVARD,130
2020-07-20T120134,BROWARD,"1,261"
2020-07-20T120134,CALHOUN,0
2020-07-20T120134,CHARLOTTE,49
2020-07-20T120134,CITRUS,24
2020-07-20T120134,CLAY,82
2020-07-20T120134,COLLIER,177
2020-07-20T120134,COLUMBIA,30
2020-07-20T120134,DESOTO,3
2020-07-20T120134,DUVAL,532
2020-07-20T120134,ESCAMBIA,207
2020-07-20T120134,FLAGLER,21
2020-07-20T120134,FRANKLIN,0
2020-07-20T120134,GADSDEN,8
2020-07-20T120134,GULF,0
2020-07-20T120134,HARDEE,0
2020-07-20T120134,HENDRY,9
2020-07-20T120134,HERNANDO,84
2020-07-20T120134,HIGHLANDS,63
2020-07-20T120134,HILLSBOROUGH,563
2020-07-20T120134,HOLMES,1
2020-07-20T120134,INDIAN RIVER,21
2020-07-20T120134,JACKSON,28
2020-07-20T120134,LAKE,126
2020-07-20T120134,LEE,295
2020-07-20T120134,LEON,81
2020-07-20T120134,MADISON,1
2020-07-20T120134,MANATEE,109
2020-07-20T120134,MARION,110
2020-07-20T120134,MARTIN,45
2020-07-20T120134,MIAMI-DADE,"2,052"
2020-07-20T120134,MONROE,15
2020-07-20T120134,NASSAU,6
2020-07-20T120134,OKALOOSA,42
2020-07-20T120134,OKEECHOBEE,20
2020-07-20T120134,ORANGE,605
2020-07-20T120134,OSCEOLA,190
2020-07-20T120134,PALM BEACH,624
2020-07-20T120134,PASCO,136
2020-07-20T120134,PINELLAS,481
2020-07-20T120134,POLK,284
2020-07-20T120134,PUTNAM,16
2020-07-20T120134,SANTA ROSA,22
2020-07-20T120134,SARASOTA,155
2020-07-20T120134,SEMINOLE,189
2020-07-20T120134,ST. JOHNS,37
2020-07-20T120134,ST. LUCIE,135
2020-07-20T120134,SUMTER,31
2020-07-20T120134,SUWANNEE,0
2020-07-20T120134,TAYLOR,0
2020-07-20T120134,UNION,0
2020-07-20T120134,VOLUSIA,152
2020-07-20T120134,WALTON,8
2020-07-20T120134,WASHINGTON,3
2020-07-20T120134,All,"9,513"
2020-07-20T190121,ALACHUA,123
2020-07-20T190121,BAKER,33
2020-07-20T190121,BAY,94
2020-07-20T190121,BRADFORD,0
2020-07-20T190121,BREVARD,130
2020-07-20T190121,BROWARD,"1,266"
2020-07-20T190121,CALHOUN,0
2020-07-20T190121,CHARLOTTE,49
2020-07-20T190121,CITRUS,24
2020-07-20T190121,CLAY,82
2020-07-20T190121,COLLIER,177
2020-07-20T190121,COLUMBIA,30
2020-07-20T190121,DESOTO,3
2020-07-20T190121,DUVAL,522
2020-07-20T190121,ESCAMBIA,207
2020-07-20T190121,FLAGLER,21
2020-07-20T190121,FRANKLIN,0
2020-07-20T190121,GADSDEN,8
2020-07-20T190121,GULF,0
2020-07-20T190121,HARDEE,0
2020-07-20T190121,HENDRY,9
2020-07-20T190121,HERNANDO,84
2020-07-20T190121,HIGHLANDS,63
2020-07-20T190121,HILLSBOROUGH,563
2020-07-20T190121,HOLMES,1
2020-07-20T190121,INDIAN RIVER,21
2020-07-20T190121,JACKSON,28
2020-07-20T190121,LAKE,126
2020-07-20T190121,LEE,276
2020-07-20T190121,LEON,81
2020-07-20T190121,MADISON,1
2020-07-20T190121,MANATEE,109
2020-07-20T190121,MARION,110
2020-07-20T190121,MARTIN,45
2020-07-20T190121,MIAMI-DADE,"2,052"
2020-07-20T190121,MONROE,15
2020-07-20T190121,NASSAU,6
2020-07-20T190121,OKALOOSA,42
2020-07-20T190121,OKEECHOBEE,20
2020-07-20T190121,ORANGE,605
2020-07-20T190121,OSCEOLA,190
2020-07-20T190121,PALM BEACH,624
2020-07-20T190121,PASCO,136
2020-07-20T190121,PINELLAS,481
2020-07-20T190121,POLK,284
2020-07-20T190121,PUTNAM,16
2020-07-20T190121,SANTA ROSA,22
2020-07-20T190121,SARASOTA,155
2020-07-20T190121,SEMINOLE,189
2020-07-20T190121,ST. JOHNS,37
2020-07-20T190121,ST. LUCIE,135
2020-07-20T190121,SUMTER,31
2020-07-20T190121,SUWANNEE,0
2020-07-20T190121,TAYLOR,0
2020-07-20T190121,UNION,0
2020-07-20T190121,VOLUSIA,152
2020-07-20T190121,WALTON,8
2020-07-20T190121,WASHINGTON,3
2020-07-20T190121,All,"9,489"
2020-07-21T070030,ALACHUA,123
2020-07-21T070030,BAKER,33
2020-07-21T070030,BAY,94
2020-07-21T070030,BRADFORD,0
2020-07-21T070030,BREVARD,130
2020-07-21T070030,BROWARD,"1,266"
2020-07-21T070030,CALHOUN,0
2020-07-21T070030,CHARLOTTE,49
2020-07-21T070030,CITRUS,24
2020-07-21T070030,CLAY,82
2020-07-21T070030,COLLIER,177
2020-07-21T070030,COLUMBIA,30
2020-07-21T070030,DESOTO,3
2020-07-21T070030,DUVAL,522
2020-07-21T070030,ESCAMBIA,207
2020-07-21T070030,FLAGLER,21
2020-07-21T070030,FRANKLIN,0
2020-07-21T070030,GADSDEN,8
2020-07-21T070030,GULF,0
2020-07-21T070030,HARDEE,0
2020-07-21T070030,HENDRY,9
2020-07-21T070030,HERNANDO,84
2020-07-21T070030,HIGHLANDS,63
2020-07-21T070030,HILLSBOROUGH,563
2020-07-21T070030,HOLMES,1
2020-07-21T070030,INDIAN RIVER,21
2020-07-21T070030,JACKSON,28
2020-07-21T070030,LAKE,126
2020-07-21T070030,LEE,276
2020-07-21T070030,LEON,81
2020-07-21T070030,MADISON,1
2020-07-21T070030,MANATEE,109
2020-07-21T070030,MARION,110
2020-07-21T070030,MARTIN,45
2020-07-21T070030,MIAMI-DADE,"2,052"
2020-07-21T070030,MONROE,15
2020-07-21T070030,NASSAU,6
2020-07-21T070030,OKALOOSA,42
2020-07-21T070030,OKEECHOBEE,20
2020-07-21T070030,ORANGE,605
2020-07-21T070030,OSCEOLA,190
2020-07-21T070030,PALM BEACH,624
2020-07-21T070030,PASCO,136
2020-07-21T070030,PINELLAS,481
2020-07-21T070030,POLK,284
2020-07-21T070030,PUTNAM,16
2020-07-21T070030,SANTA ROSA,22
2020-07-21T070030,SARASOTA,155
2020-07-21T070030,SEMINOLE,189
2020-07-21T070030,ST. JOHNS,37
2020-07-21T070030,ST. LUCIE,135
2020-07-21T070030,SUMTER,31
2020-07-21T070030,SUWANNEE,0
2020-07-21T070030,TAYLOR,0
2020-07-21T070030,UNION,0
2020-07-21T070030,VOLUSIA,152
2020-07-21T070030,WALTON,8
2020-07-21T070030,WASHINGTON,3
2020-07-21T070030,All,"9,489"
2020-07-21T120128,ALACHUA,126
2020-07-21T120128,BAKER,34
2020-07-21T120128,BAY,91
2020-07-21T120128,BRADFORD,0
2020-07-21T120128,BREVARD,126
2020-07-21T120128,BROWARD,"1,288"
2020-07-21T120128,CALHOUN,1
2020-07-21T120128,CHARLOTTE,55
2020-07-21T120128,CITRUS,30
2020-07-21T120128,CLAY,84
2020-07-21T120128,COLLIER,174
2020-07-21T120128,COLUMBIA,37
2020-07-21T120128,DESOTO,4
2020-07-21T120128,DUVAL,505
2020-07-21T120128,ESCAMBIA,199
2020-07-21T120128,FLAGLER,21
2020-07-21T120128,FRANKLIN,0
2020-07-21T120128,GADSDEN,14
2020-07-21T120128,GULF,0
2020-07-21T120128,HARDEE,0
2020-07-21T120128,HENDRY,8
2020-07-21T120128,HERNANDO,84
2020-07-21T120128,HIGHLANDS,54
2020-07-21T120128,HILLSBOROUGH,571
2020-07-21T120128,HOLMES,1
2020-07-21T120128,INDIAN RIVER,32
2020-07-21T120128,JACKSON,26
2020-07-21T120128,LAKE,121
2020-07-21T120128,LEE,274
2020-07-21T120128,LEON,76
2020-07-21T120128,MADISON,0
2020-07-21T120128,MANATEE,116
2020-07-21T120128,MARION,104
2020-07-21T120128,MARTIN,45
2020-07-21T120128,MIAMI-DADE,"2,053"
2020-07-21T120128,MONROE,17
2020-07-21T120128,NASSAU,4
2020-07-21T120128,OKALOOSA,44
2020-07-21T120128,OKEECHOBEE,12
2020-07-21T120128,ORANGE,587
2020-07-21T120128,OSCEOLA,193
2020-07-21T120128,PALM BEACH,602
2020-07-21T120128,PASCO,136
2020-07-21T120128,PINELLAS,455
2020-07-21T120128,POLK,266
2020-07-21T120128,PUTNAM,18
2020-07-21T120128,SANTA ROSA,17
2020-07-21T120128,SARASOTA,154
2020-07-21T120128,SEMINOLE,181
2020-07-21T120128,ST. JOHNS,37
2020-07-21T120128,ST. LUCIE,152
2020-07-21T120128,SUMTER,32
2020-07-21T120128,SUWANNEE,0
2020-07-21T120128,TAYLOR,0
2020-07-21T120128,UNION,0
2020-07-21T120128,VOLUSIA,164
2020-07-21T120128,WALTON,11
2020-07-21T120128,WASHINGTON,3
2020-07-21T120128,All,"9,439"
2020-07-21T190046,ALACHUA,126
2020-07-21T190046,BAKER,34
2020-07-21T190046,BAY,92
2020-07-21T190046,BRADFORD,0
2020-07-21T190046,BREVARD,130
2020-07-21T190046,BROWARD,"1,290"
2020-07-21T190046,CALHOUN,1
2020-07-21T190046,CHARLOTTE,55
2020-07-21T190046,CITRUS,30
2020-07-21T190046,CLAY,84
2020-07-21T190046,COLLIER,173
2020-07-21T190046,COLUMBIA,37
2020-07-21T190046,DESOTO,4
2020-07-21T190046,DUVAL,528
2020-07-21T190046,ESCAMBIA,199
2020-07-21T190046,FLAGLER,21
2020-07-21T190046,FRANKLIN,0
2020-07-21T190046,GADSDEN,14
2020-07-21T190046,GULF,0
2020-07-21T190046,HARDEE,0
2020-07-21T190046,HENDRY,8
2020-07-21T190046,HERNANDO,84
2020-07-21T190046,HIGHLANDS,54
2020-07-21T190046,HILLSBOROUGH,604
2020-07-21T190046,HOLMES,1
2020-07-21T190046,INDIAN RIVER,32
2020-07-21T190046,JACKSON,26
2020-07-21T190046,LAKE,114
2020-07-21T190046,LEE,270
2020-07-21T190046,LEON,76
2020-07-21T190046,MADISON,0
2020-07-21T190046,MANATEE,116
2020-07-21T190046,MARION,107
2020-07-21T190046,MARTIN,37
2020-07-21T190046,MIAMI-DADE,"2,058"
2020-07-21T190046,MONROE,20
2020-07-21T190046,NASSAU,4
2020-07-21T190046,OKALOOSA,43
2020-07-21T190046,OKEECHOBEE,12
2020-07-21T190046,ORANGE,596
2020-07-21T190046,OSCEOLA,191
2020-07-21T190046,PALM BEACH,623
2020-07-21T190046,PASCO,137
2020-07-21T190046,PINELLAS,454
2020-07-21T190046,POLK,277
2020-07-21T190046,PUTNAM,18
2020-07-21T190046,SANTA ROSA,17
2020-07-21T190046,SARASOTA,154
2020-07-21T190046,SEMINOLE,174
2020-07-21T190046,ST. JOHNS,40
2020-07-21T190046,ST. LUCIE,145
2020-07-21T190046,SUMTER,32
2020-07-21T190046,SUWANNEE,0
2020-07-21T190046,TAYLOR,0
2020-07-21T190046,UNION,0
2020-07-21T190046,VOLUSIA,164
2020-07-21T190046,WALTON,11
2020-07-21T190046,WASHINGTON,3
2020-07-21T190046,All,"9,520"
2020-07-22T070051,ALACHUA,126
2020-07-22T070051,BAKER,34
2020-07-22T070051,BAY,92
2020-07-22T070051,BRADFORD,0
2020-07-22T070051,BREVARD,130
2020-07-22T070051,BROWARD,"1,290"
2020-07-22T070051,CALHOUN,1
2020-07-22T070051,CHARLOTTE,55
2020-07-22T070051,CITRUS,30
2020-07-22T070051,CLAY,84
2020-07-22T070051,COLLIER,173
2020-07-22T070051,COLUMBIA,37
2020-07-22T070051,DESOTO,4
2020-07-22T070051,DUVAL,528
2020-07-22T070051,ESCAMBIA,199
2020-07-22T070051,FLAGLER,21
2020-07-22T070051,FRANKLIN,0
2020-07-22T070051,GADSDEN,14
2020-07-22T070051,GULF,0
2020-07-22T070051,HARDEE,0
2020-07-22T070051,HENDRY,8
2020-07-22T070051,HERNANDO,84
2020-07-22T070051,HIGHLANDS,54
2020-07-22T070051,HILLSBOROUGH,604
2020-07-22T070051,HOLMES,1
2020-07-22T070051,INDIAN RIVER,32
2020-07-22T070051,JACKSON,26
2020-07-22T070051,LAKE,114
2020-07-22T070051,LEE,270
2020-07-22T070051,LEON,76
2020-07-22T070051,MADISON,0
2020-07-22T070051,MANATEE,116
2020-07-22T070051,MARION,107
2020-07-22T070051,MARTIN,37
2020-07-22T070051,MIAMI-DADE,"2,058"
2020-07-22T070051,MONROE,20
2020-07-22T070051,NASSAU,4
2020-07-22T070051,OKALOOSA,43
2020-07-22T070051,OKEECHOBEE,12
2020-07-22T070051,ORANGE,596
2020-07-22T070051,OSCEOLA,191
2020-07-22T070051,PALM BEACH,623
2020-07-22T070051,PASCO,137
2020-07-22T070051,PINELLAS,454
2020-07-22T070051,POLK,277
2020-07-22T070051,PUTNAM,18
2020-07-22T070051,SANTA ROSA,17
2020-07-22T070051,SARASOTA,154
2020-07-22T070051,SEMINOLE,174
2020-07-22T070051,ST. JOHNS,40
2020-07-22T070051,ST. LUCIE,145
2020-07-22T070051,SUMTER,32
2020-07-22T070051,SUWANNEE,0
2020-07-22T070051,TAYLOR,0
2020-07-22T070051,UNION,0
2020-07-22T070051,VOLUSIA,164
2020-07-22T070051,WALTON,11
2020-07-22T070051,WASHINGTON,3
2020-07-22T070051,All,"9,520"
2020-07-22T120156,ALACHUA,124
2020-07-22T120156,BAKER,34
2020-07-22T120156,BAY,91
2020-07-22T120156,BRADFORD,0
2020-07-22T120156,BREVARD,133
2020-07-22T120156,BROWARD,"1,313"
2020-07-22T120156,CALHOUN,1
2020-07-22T120156,CHARLOTTE,65
2020-07-22T120156,CITRUS,29
2020-07-22T120156,CLAY,80
2020-07-22T120156,COLLIER,170
2020-07-22T120156,COLUMBIA,37
2020-07-22T120156,DESOTO,3
2020-07-22T120156,DUVAL,512
2020-07-22T120156,ESCAMBIA,202
2020-07-22T120156,FLAGLER,21
2020-07-22T120156,FRANKLIN,0
2020-07-22T120156,GADSDEN,14
2020-07-22T120156,GULF,1
2020-07-22T120156,HARDEE,0
2020-07-22T120156,HENDRY,8
2020-07-22T120156,HERNANDO,74
2020-07-22T120156,HIGHLANDS,55
2020-07-22T120156,HILLSBOROUGH,595
2020-07-22T120156,HOLMES,1
2020-07-22T120156,INDIAN RIVER,25
2020-07-22T120156,JACKSON,23
2020-07-22T120156,LAKE,111
2020-07-22T120156,LEE,261
2020-07-22T120156,LEON,72
2020-07-22T120156,MADISON,0
2020-07-22T120156,MANATEE,133
2020-07-22T120156,MARION,99
2020-07-22T120156,MARTIN,43
2020-07-22T120156,MIAMI-DADE,"2,006"
2020-07-22T120156,MONROE,21
2020-07-22T120156,NASSAU,3
2020-07-22T120156,OKALOOSA,42
2020-07-22T120156,OKEECHOBEE,16
2020-07-22T120156,ORANGE,584
2020-07-22T120156,OSCEOLA,239
2020-07-22T120156,PALM BEACH,605
2020-07-22T120156,PASCO,134
2020-07-22T120156,PINELLAS,452
2020-07-22T120156,POLK,298
2020-07-22T120156,PUTNAM,17
2020-07-22T120156,SANTA ROSA,21
2020-07-22T120156,SARASOTA,158
2020-07-22T120156,SEMINOLE,177
2020-07-22T120156,ST. JOHNS,42
2020-07-22T120156,ST. LUCIE,156
2020-07-22T120156,SUMTER,33
2020-07-22T120156,SUWANNEE,0
2020-07-22T120156,TAYLOR,0
2020-07-22T120156,UNION,0
2020-07-22T120156,VOLUSIA,151
2020-07-22T120156,WALTON,9
2020-07-22T120156,WASHINGTON,3
2020-07-22T120156,All,"9,497"
2020-07-22T190042,ALACHUA,124
2020-07-22T190042,BAKER,34
2020-07-22T190042,BAY,91
2020-07-22T190042,BRADFORD,0
2020-07-22T190042,BREVARD,133
2020-07-22T190042,BROWARD,"1,313"
2020-07-22T190042,CALHOUN,1
2020-07-22T190042,CHARLOTTE,65
2020-07-22T190042,CITRUS,29
2020-07-22T190042,CLAY,80
2020-07-22T190042,COLLIER,162
2020-07-22T190042,COLUMBIA,37
2020-07-22T190042,DESOTO,3
2020-07-22T190042,DUVAL,512
2020-07-22T190042,ESCAMBIA,202
2020-07-22T190042,FLAGLER,21
2020-07-22T190042,FRANKLIN,0
2020-07-22T190042,GADSDEN,14
2020-07-22T190042,GULF,1
2020-07-22T190042,HARDEE,0
2020-07-22T190042,HENDRY,8
2020-07-22T190042,HERNANDO,74
2020-07-22T190042,HIGHLANDS,55
2020-07-22T190042,HILLSBOROUGH,585
2020-07-22T190042,HOLMES,1
2020-07-22T190042,INDIAN RIVER,25
2020-07-22T190042,JACKSON,23
2020-07-22T190042,LAKE,111
2020-07-22T190042,LEE,261
2020-07-22T190042,LEON,72
2020-07-22T190042,MADISON,0
2020-07-22T190042,MANATEE,133
2020-07-22T190042,MARION,99
2020-07-22T190042,MARTIN,43
2020-07-22T190042,MIAMI-DADE,"2,006"
2020-07-22T190042,MONROE,21
2020-07-22T190042,NASSAU,3
2020-07-22T190042,OKALOOSA,42
2020-07-22T190042,OKEECHOBEE,16
2020-07-22T190042,ORANGE,585
2020-07-22T190042,OSCEOLA,239
2020-07-22T190042,PALM BEACH,605
2020-07-22T190042,PASCO,134
2020-07-22T190042,PINELLAS,449
2020-07-22T190042,POLK,297
2020-07-22T190042,PUTNAM,17
2020-07-22T190042,SANTA ROSA,21
2020-07-22T190042,SARASOTA,158
2020-07-22T190042,SEMINOLE,177
2020-07-22T190042,ST. JOHNS,42
2020-07-22T190042,ST. LUCIE,156
2020-07-22T190042,SUMTER,33
2020-07-22T190042,SUWANNEE,0
2020-07-22T190042,TAYLOR,0
2020-07-22T190042,UNION,0
2020-07-22T190042,VOLUSIA,151
2020-07-22T190042,WALTON,9
2020-07-22T190042,WASHINGTON,3
2020-07-22T190042,All,"9,476"
2020-07-23T070150,ALACHUA,124
2020-07-23T070150,BAKER,34
2020-07-23T070150,BAY,91
2020-07-23T070150,BRADFORD,0
2020-07-23T070150,BREVARD,133
2020-07-23T070150,BROWARD,"1,313"
2020-07-23T070150,CALHOUN,1
2020-07-23T070150,CHARLOTTE,65
2020-07-23T070150,CITRUS,29
2020-07-23T070150,CLAY,80
2020-07-23T070150,COLLIER,162
2020-07-23T070150,COLUMBIA,37
2020-07-23T070150,DESOTO,3
2020-07-23T070150,DUVAL,512
2020-07-23T070150,ESCAMBIA,202
2020-07-23T070150,FLAGLER,21
2020-07-23T070150,FRANKLIN,0
2020-07-23T070150,GADSDEN,14
2020-07-23T070150,GULF,1
2020-07-23T070150,HARDEE,0
2020-07-23T070150,HENDRY,8
2020-07-23T070150,HERNANDO,74
2020-07-23T070150,HIGHLANDS,55
2020-07-23T070150,HILLSBOROUGH,585
2020-07-23T070150,HOLMES,1
2020-07-23T070150,INDIAN RIVER,25
2020-07-23T070150,JACKSON,23
2020-07-23T070150,LAKE,111
2020-07-23T070150,LEE,261
2020-07-23T070150,LEON,72
2020-07-23T070150,MADISON,0
2020-07-23T070150,MANATEE,133
2020-07-23T070150,MARION,99
2020-07-23T070150,MARTIN,43
2020-07-23T070150,MIAMI-DADE,"2,006"
2020-07-23T070150,MONROE,21
2020-07-23T070150,NASSAU,3
2020-07-23T070150,OKALOOSA,42
2020-07-23T070150,OKEECHOBEE,16
2020-07-23T070150,ORANGE,585
2020-07-23T070150,OSCEOLA,239
2020-07-23T070150,PALM BEACH,605
2020-07-23T070150,PASCO,134
2020-07-23T070150,PINELLAS,449
2020-07-23T070150,POLK,297
2020-07-23T070150,PUTNAM,17
2020-07-23T070150,SANTA ROSA,21
2020-07-23T070150,SARASOTA,158
2020-07-23T070150,SEMINOLE,177
2020-07-23T070150,ST. JOHNS,42
2020-07-23T070150,ST. LUCIE,156
2020-07-23T070150,SUMTER,33
2020-07-23T070150,SUWANNEE,0
2020-07-23T070150,TAYLOR,0
2020-07-23T070150,UNION,0
2020-07-23T070150,VOLUSIA,151
2020-07-23T070150,WALTON,9
2020-07-23T070150,WASHINGTON,3
2020-07-23T070150,All,"9,476"
2020-07-23T120147,ALACHUA,117
2020-07-23T120147,BAKER,34
2020-07-23T120147,BAY,84
2020-07-23T120147,BRADFORD,0
2020-07-23T120147,BREVARD,139
2020-07-23T120147,BROWARD,"1,309"
2020-07-23T120147,CALHOUN,2
2020-07-23T120147,CHARLOTTE,64
2020-07-23T120147,CITRUS,28
2020-07-23T120147,CLAY,74
2020-07-23T120147,COLLIER,161
2020-07-23T120147,COLUMBIA,36
2020-07-23T120147,DESOTO,3
2020-07-23T120147,DUVAL,510
2020-07-23T120147,ESCAMBIA,208
2020-07-23T120147,FLAGLER,21
2020-07-23T120147,FRANKLIN,0
2020-07-23T120147,GADSDEN,34
2020-07-23T120147,GULF,1
2020-07-23T120147,HARDEE,0
2020-07-23T120147,HENDRY,9
2020-07-23T120147,HERNANDO,83
2020-07-23T120147,HIGHLANDS,57
2020-07-23T120147,HILLSBOROUGH,601
2020-07-23T120147,HOLMES,2
2020-07-23T120147,INDIAN RIVER,23
2020-07-23T120147,JACKSON,25
2020-07-23T120147,LAKE,98
2020-07-23T120147,LEE,241
2020-07-23T120147,LEON,81
2020-07-23T120147,MADISON,0
2020-07-23T120147,MANATEE,135
2020-07-23T120147,MARION,95
2020-07-23T120147,MARTIN,43
2020-07-23T120147,MIAMI-DADE,"1,961"
2020-07-23T120147,MONROE,20
2020-07-23T120147,NASSAU,3
2020-07-23T120147,OKALOOSA,42
2020-07-23T120147,OKEECHOBEE,13
2020-07-23T120147,ORANGE,602
2020-07-23T120147,OSCEOLA,217
2020-07-23T120147,PALM BEACH,605
2020-07-23T120147,PASCO,129
2020-07-23T120147,PINELLAS,429
2020-07-23T120147,POLK,285
2020-07-23T120147,PUTNAM,17
2020-07-23T120147,SANTA ROSA,27
2020-07-23T120147,SARASOTA,155
2020-07-23T120147,SEMINOLE,176
2020-07-23T120147,ST. JOHNS,38
2020-07-23T120147,ST. LUCIE,164
2020-07-23T120147,SUMTER,29
2020-07-23T120147,SUWANNEE,0
2020-07-23T120147,TAYLOR,0
2020-07-23T120147,UNION,0
2020-07-23T120147,VOLUSIA,150
2020-07-23T120147,WALTON,8
2020-07-23T120147,WASHINGTON,4
2020-07-23T120147,All,"9,392"
2020-07-23T190028,ALACHUA,117
2020-07-23T190028,BAKER,34
2020-07-23T190028,BAY,84
2020-07-23T190028,BRADFORD,0
2020-07-23T190028,BREVARD,139
2020-07-23T190028,BROWARD,"1,304"
2020-07-23T190028,CALHOUN,2
2020-07-23T190028,CHARLOTTE,64
2020-07-23T190028,CITRUS,28
2020-07-23T190028,CLAY,74
2020-07-23T190028,COLLIER,161
2020-07-23T190028,COLUMBIA,36
2020-07-23T190028,DESOTO,3
2020-07-23T190028,DUVAL,510
2020-07-23T190028,ESCAMBIA,208
2020-07-23T190028,FLAGLER,21
2020-07-23T190028,FRANKLIN,0
2020-07-23T190028,GADSDEN,34
2020-07-23T190028,GULF,1
2020-07-23T190028,HARDEE,0
2020-07-23T190028,HENDRY,9
2020-07-23T190028,HERNANDO,83
2020-07-23T190028,HIGHLANDS,57
2020-07-23T190028,HILLSBOROUGH,607
2020-07-23T190028,HOLMES,2
2020-07-23T190028,INDIAN RIVER,23
2020-07-23T190028,JACKSON,25
2020-07-23T190028,LAKE,98
2020-07-23T190028,LEE,241
2020-07-23T190028,LEON,81
2020-07-23T190028,MADISON,0
2020-07-23T190028,MANATEE,135
2020-07-23T190028,MARION,95
2020-07-23T190028,MARTIN,43
2020-07-23T190028,MIAMI-DADE,"1,998"
2020-07-23T190028,MONROE,20
2020-07-23T190028,NASSAU,3
2020-07-23T190028,OKALOOSA,42
2020-07-23T190028,OKEECHOBEE,13
2020-07-23T190028,ORANGE,602
2020-07-23T190028,OSCEOLA,217
2020-07-23T190028,PALM BEACH,605
2020-07-23T190028,PASCO,129
2020-07-23T190028,PINELLAS,428
2020-07-23T190028,POLK,278
2020-07-23T190028,PUTNAM,17
2020-07-23T190028,SANTA ROSA,27
2020-07-23T190028,SARASOTA,155
2020-07-23T190028,SEMINOLE,176
2020-07-23T190028,ST. JOHNS,38
2020-07-23T190028,ST. LUCIE,164
2020-07-23T190028,SUMTER,29
2020-07-23T190028,SUWANNEE,0
2020-07-23T190028,TAYLOR,0
2020-07-23T190028,UNION,0
2020-07-23T190028,VOLUSIA,150
2020-07-23T190028,WALTON,8
2020-07-23T190028,WASHINGTON,4
2020-07-23T190028,All,"9,422"
2020-07-24T070150,ALACHUA,117
2020-07-24T070150,BAKER,34
2020-07-24T070150,BAY,84
2020-07-24T070150,BRADFORD,0
2020-07-24T070150,BREVARD,139
2020-07-24T070150,BROWARD,"1,304"
2020-07-24T070150,CALHOUN,2
2020-07-24T070150,CHARLOTTE,64
2020-07-24T070150,CITRUS,28
2020-07-24T070150,CLAY,74
2020-07-24T070150,COLLIER,161
2020-07-24T070150,COLUMBIA,36
2020-07-24T070150,DESOTO,3
2020-07-24T070150,DUVAL,510
2020-07-24T070150,ESCAMBIA,208
2020-07-24T070150,FLAGLER,21
2020-07-24T070150,FRANKLIN,0
2020-07-24T070150,GADSDEN,34
2020-07-24T070150,GULF,1
2020-07-24T070150,HARDEE,0
2020-07-24T070150,HENDRY,9
2020-07-24T070150,HERNANDO,83
2020-07-24T070150,HIGHLANDS,57
2020-07-24T070150,HILLSBOROUGH,607
2020-07-24T070150,HOLMES,2
2020-07-24T070150,INDIAN RIVER,23
2020-07-24T070150,JACKSON,25
2020-07-24T070150,LAKE,98
2020-07-24T070150,LEE,241
2020-07-24T070150,LEON,81
2020-07-24T070150,MADISON,0
2020-07-24T070150,MANATEE,135
2020-07-24T070150,MARION,95
2020-07-24T070150,MARTIN,43
2020-07-24T070150,MIAMI-DADE,"1,998"
2020-07-24T070150,MONROE,20
2020-07-24T070150,NASSAU,3
2020-07-24T070150,OKALOOSA,42
2020-07-24T070150,OKEECHOBEE,13
2020-07-24T070150,ORANGE,602
2020-07-24T070150,OSCEOLA,217
2020-07-24T070150,PALM BEACH,605
2020-07-24T070150,PASCO,129
2020-07-24T070150,PINELLAS,428
2020-07-24T070150,POLK,278
2020-07-24T070150,PUTNAM,17
2020-07-24T070150,SANTA ROSA,27
2020-07-24T070150,SARASOTA,155
2020-07-24T070150,SEMINOLE,176
2020-07-24T070150,ST. JOHNS,38
2020-07-24T070150,ST. LUCIE,164
2020-07-24T070150,SUMTER,29
2020-07-24T070150,SUWANNEE,0
2020-07-24T070150,TAYLOR,0
2020-07-24T070150,UNION,0
2020-07-24T070150,VOLUSIA,150
2020-07-24T070150,WALTON,8
2020-07-24T070150,WASHINGTON,4
2020-07-24T070150,All,"9,422"
2020-07-24T120030,ALACHUA,127
2020-07-24T120030,BAKER,33
2020-07-24T120030,BAY,85
2020-07-24T120030,BRADFORD,0
2020-07-24T120030,BREVARD,135
2020-07-24T120030,BROWARD,"1,270"
2020-07-24T120030,CALHOUN,2
2020-07-24T120030,CHARLOTTE,62
2020-07-24T120030,CITRUS,27
2020-07-24T120030,CLAY,85
2020-07-24T120030,COLLIER,158
2020-07-24T120030,COLUMBIA,33
2020-07-24T120030,DESOTO,3
2020-07-24T120030,DUVAL,494
2020-07-24T120030,ESCAMBIA,192
2020-07-24T120030,FLAGLER,22
2020-07-24T120030,FRANKLIN,0
2020-07-24T120030,GADSDEN,34
2020-07-24T120030,GULF,2
2020-07-24T120030,HARDEE,0
2020-07-24T120030,HENDRY,12
2020-07-24T120030,HERNANDO,88
2020-07-24T120030,HIGHLANDS,57
2020-07-24T120030,HILLSBOROUGH,571
2020-07-24T120030,HOLMES,1
2020-07-24T120030,INDIAN RIVER,23
2020-07-24T120030,JACKSON,27
2020-07-24T120030,LAKE,98
2020-07-24T120030,LEE,233
2020-07-24T120030,LEON,78
2020-07-24T120030,MADISON,0
2020-07-24T120030,MANATEE,123
2020-07-24T120030,MARION,97
2020-07-24T120030,MARTIN,37
2020-07-24T120030,MIAMI-DADE,"1,987"
2020-07-24T120030,MONROE,15
2020-07-24T120030,NASSAU,4
2020-07-24T120030,OKALOOSA,49
2020-07-24T120030,OKEECHOBEE,11
2020-07-24T120030,ORANGE,596
2020-07-24T120030,OSCEOLA,211
2020-07-24T120030,PALM BEACH,573
2020-07-24T120030,PASCO,123
2020-07-24T120030,PINELLAS,416
2020-07-24T120030,POLK,284
2020-07-24T120030,PUTNAM,17
2020-07-24T120030,SANTA ROSA,28
2020-07-24T120030,SARASOTA,146
2020-07-24T120030,SEMINOLE,152
2020-07-24T120030,ST. JOHNS,38
2020-07-24T120030,ST. LUCIE,169
2020-07-24T120030,SUMTER,28
2020-07-24T120030,SUWANNEE,0
2020-07-24T120030,TAYLOR,0
2020-07-24T120030,UNION,0
2020-07-24T120030,VOLUSIA,140
2020-07-24T120030,WALTON,7
2020-07-24T120030,WASHINGTON,3
2020-07-24T120030,All,"9,206"
2020-07-24T190049,ALACHUA,127
2020-07-24T190049,BAKER,33
2020-07-24T190049,BAY,85
2020-07-24T190049,BRADFORD,0
2020-07-24T190049,BREVARD,135
2020-07-24T190049,BROWARD,"1,283"
2020-07-24T190049,CALHOUN,2
2020-07-24T190049,CHARLOTTE,62
2020-07-24T190049,CITRUS,27
2020-07-24T190049,CLAY,85
2020-07-24T190049,COLLIER,158
2020-07-24T190049,COLUMBIA,33
2020-07-24T190049,DESOTO,3
2020-07-24T190049,DUVAL,494
2020-07-24T190049,ESCAMBIA,192
2020-07-24T190049,FLAGLER,22
2020-07-24T190049,FRANKLIN,0
2020-07-24T190049,GADSDEN,34
2020-07-24T190049,GULF,2
2020-07-24T190049,HARDEE,0
2020-07-24T190049,HENDRY,12
2020-07-24T190049,HERNANDO,88
2020-07-24T190049,HIGHLANDS,57
2020-07-24T190049,HILLSBOROUGH,569
2020-07-24T190049,HOLMES,1
2020-07-24T190049,INDIAN RIVER,23
2020-07-24T190049,JACKSON,27
2020-07-24T190049,LAKE,98
2020-07-24T190049,LEE,233
2020-07-24T190049,LEON,78
2020-07-24T190049,MADISON,0
2020-07-24T190049,MANATEE,123
2020-07-24T190049,MARION,97
2020-07-24T190049,MARTIN,37
2020-07-24T190049,MIAMI-DADE,"1,980"
2020-07-24T190049,MONROE,16
2020-07-24T190049,NASSAU,4
2020-07-24T190049,OKALOOSA,49
2020-07-24T190049,OKEECHOBEE,11
2020-07-24T190049,ORANGE,596
2020-07-24T190049,OSCEOLA,211
2020-07-24T190049,PALM BEACH,573
2020-07-24T190049,PASCO,123
2020-07-24T190049,PINELLAS,416
2020-07-24T190049,POLK,276
2020-07-24T190049,PUTNAM,19
2020-07-24T190049,SANTA ROSA,28
2020-07-24T190049,SARASOTA,146
2020-07-24T190049,SEMINOLE,152
2020-07-24T190049,ST. JOHNS,33
2020-07-24T190049,ST. LUCIE,169
2020-07-24T190049,SUMTER,28
2020-07-24T190049,SUWANNEE,0
2020-07-24T190049,TAYLOR,0
2020-07-24T190049,UNION,0
2020-07-24T190049,VOLUSIA,140
2020-07-24T190049,WALTON,7
2020-07-24T190049,WASHINGTON,3
2020-07-24T190049,All,"9,200"
2020-07-25T070121,ALACHUA,127
2020-07-25T070121,BAKER,33
2020-07-25T070121,BAY,85
2020-07-25T070121,BRADFORD,0
2020-07-25T070121,BREVARD,135
2020-07-25T070121,BROWARD,"1,283"
2020-07-25T070121,CALHOUN,2
2020-07-25T070121,CHARLOTTE,62
2020-07-25T070121,CITRUS,27
2020-07-25T070121,CLAY,85
2020-07-25T070121,COLLIER,158
2020-07-25T070121,COLUMBIA,33
2020-07-25T070121,DESOTO,3
2020-07-25T070121,DUVAL,494
2020-07-25T070121,ESCAMBIA,192
2020-07-25T070121,FLAGLER,22
2020-07-25T070121,FRANKLIN,0
2020-07-25T070121,GADSDEN,34
2020-07-25T070121,GULF,2
2020-07-25T070121,HARDEE,0
2020-07-25T070121,HENDRY,12
2020-07-25T070121,HERNANDO,88
2020-07-25T070121,HIGHLANDS,57
2020-07-25T070121,HILLSBOROUGH,569
2020-07-25T070121,HOLMES,1
2020-07-25T070121,INDIAN RIVER,23
2020-07-25T070121,JACKSON,27
2020-07-25T070121,LAKE,98
2020-07-25T070121,LEE,233
2020-07-25T070121,LEON,78
2020-07-25T070121,MADISON,0
2020-07-25T070121,MANATEE,123
2020-07-25T070121,MARION,97
2020-07-25T070121,MARTIN,37
2020-07-25T070121,MIAMI-DADE,"1,980"
2020-07-25T070121,MONROE,16
2020-07-25T070121,NASSAU,4
2020-07-25T070121,OKALOOSA,49
2020-07-25T070121,OKEECHOBEE,11
2020-07-25T070121,ORANGE,596
2020-07-25T070121,OSCEOLA,211
2020-07-25T070121,PALM BEACH,573
2020-07-25T070121,PASCO,123
2020-07-25T070121,PINELLAS,416
2020-07-25T070121,POLK,276
2020-07-25T070121,PUTNAM,19
2020-07-25T070121,SANTA ROSA,28
2020-07-25T070121,SARASOTA,146
2020-07-25T070121,SEMINOLE,152
2020-07-25T070121,ST. JOHNS,33
2020-07-25T070121,ST. LUCIE,169
2020-07-25T070121,SUMTER,28
2020-07-25T070121,SUWANNEE,0
2020-07-25T070121,TAYLOR,0
2020-07-25T070121,UNION,0
2020-07-25T070121,VOLUSIA,140
2020-07-25T070121,WALTON,7
2020-07-25T070121,WASHINGTON,3
2020-07-25T070121,All,"9,200"
2020-07-25T120106,ALACHUA,128
2020-07-25T120106,BAKER,33
2020-07-25T120106,BAY,97
2020-07-25T120106,BRADFORD,0
2020-07-25T120106,BREVARD,142
2020-07-25T120106,BROWARD,"1,295"
2020-07-25T120106,CALHOUN,2
2020-07-25T120106,CHARLOTTE,63
2020-07-25T120106,CITRUS,32
2020-07-25T120106,CLAY,81
2020-07-25T120106,COLLIER,152
2020-07-25T120106,COLUMBIA,27
2020-07-25T120106,DESOTO,3
2020-07-25T120106,DUVAL,478
2020-07-25T120106,ESCAMBIA,206
2020-07-25T120106,FLAGLER,19
2020-07-25T120106,FRANKLIN,0
2020-07-25T120106,GADSDEN,34
2020-07-25T120106,GULF,2
2020-07-25T120106,HARDEE,0
2020-07-25T120106,HENDRY,7
2020-07-25T120106,HERNANDO,81
2020-07-25T120106,HIGHLANDS,54
2020-07-25T120106,HILLSBOROUGH,541
2020-07-25T120106,HOLMES,1
2020-07-25T120106,INDIAN RIVER,23
2020-07-25T120106,JACKSON,20
2020-07-25T120106,LAKE,98
2020-07-25T120106,LEE,215
2020-07-25T120106,LEON,70
2020-07-25T120106,MADISON,1
2020-07-25T120106,MANATEE,102
2020-07-25T120106,MARION,101
2020-07-25T120106,MARTIN,34
2020-07-25T120106,MIAMI-DADE,"1,874"
2020-07-25T120106,MONROE,15
2020-07-25T120106,NASSAU,4
2020-07-25T120106,OKALOOSA,53
2020-07-25T120106,OKEECHOBEE,12
2020-07-25T120106,ORANGE,556
2020-07-25T120106,OSCEOLA,208
2020-07-25T120106,PALM BEACH,595
2020-07-25T120106,PASCO,113
2020-07-25T120106,PINELLAS,401
2020-07-25T120106,POLK,273
2020-07-25T120106,PUTNAM,22
2020-07-25T120106,SANTA ROSA,26
2020-07-25T120106,SARASOTA,150
2020-07-25T120106,SEMINOLE,146
2020-07-25T120106,ST. JOHNS,31
2020-07-25T120106,ST. LUCIE,168
2020-07-25T120106,SUMTER,29
2020-07-25T120106,SUWANNEE,0
2020-07-25T120106,TAYLOR,0
2020-07-25T120106,UNION,0
2020-07-25T120106,VOLUSIA,141
2020-07-25T120106,WALTON,10
2020-07-25T120106,WASHINGTON,2
2020-07-25T120106,All,"8,971"
2020-07-25T190017,ALACHUA,128
2020-07-25T190017,BAKER,33
2020-07-25T190017,BAY,97
2020-07-25T190017,BRADFORD,0
2020-07-25T190017,BREVARD,142
2020-07-25T190017,BROWARD,"1,295"
2020-07-25T190017,CALHOUN,2
2020-07-25T190017,CHARLOTTE,63
2020-07-25T190017,CITRUS,32
2020-07-25T190017,CLAY,81
2020-07-25T190017,COLLIER,155
2020-07-25T190017,COLUMBIA,27
2020-07-25T190017,DESOTO,4
2020-07-25T190017,DUVAL,478
2020-07-25T190017,ESCAMBIA,206
2020-07-25T190017,FLAGLER,19
2020-07-25T190017,FRANKLIN,0
2020-07-25T190017,GADSDEN,34
2020-07-25T190017,GULF,3
2020-07-25T190017,HARDEE,0
2020-07-25T190017,HENDRY,7
2020-07-25T190017,HERNANDO,81
2020-07-25T190017,HIGHLANDS,54
2020-07-25T190017,HILLSBOROUGH,505
2020-07-25T190017,HOLMES,1
2020-07-25T190017,INDIAN RIVER,23
2020-07-25T190017,JACKSON,20
2020-07-25T190017,LAKE,98
2020-07-25T190017,LEE,215
2020-07-25T190017,LEON,70
2020-07-25T190017,MADISON,1
2020-07-25T190017,MANATEE,102
2020-07-25T190017,MARION,101
2020-07-25T190017,MARTIN,34
2020-07-25T190017,MIAMI-DADE,"1,952"
2020-07-25T190017,MONROE,17
2020-07-25T190017,NASSAU,4
2020-07-25T190017,OKALOOSA,53
2020-07-25T190017,OKEECHOBEE,12
2020-07-25T190017,ORANGE,556
2020-07-25T190017,OSCEOLA,208
2020-07-25T190017,PALM BEACH,587
2020-07-25T190017,PASCO,113
2020-07-25T190017,PINELLAS,423
2020-07-25T190017,POLK,274
2020-07-25T190017,PUTNAM,22
2020-07-25T190017,SANTA ROSA,26
2020-07-25T190017,SARASOTA,150
2020-07-25T190017,SEMINOLE,146
2020-07-25T190017,ST. JOHNS,31
2020-07-25T190017,ST. LUCIE,168
2020-07-25T190017,SUMTER,29
2020-07-25T190017,SUWANNEE,0
2020-07-25T190017,TAYLOR,0
2020-07-25T190017,UNION,0
2020-07-25T190017,VOLUSIA,141
2020-07-25T190017,WALTON,10
2020-07-25T190017,WASHINGTON,2
2020-07-25T190017,All,"9,035"
2020-07-26T070208,ALACHUA,128
2020-07-26T070208,BAKER,33
2020-07-26T070208,BAY,97
2020-07-26T070208,BRADFORD,0
2020-07-26T070208,BREVARD,142
2020-07-26T070208,BROWARD,"1,295"
2020-07-26T070208,CALHOUN,2
2020-07-26T070208,CHARLOTTE,63
2020-07-26T070208,CITRUS,32
2020-07-26T070208,CLAY,81
2020-07-26T070208,COLLIER,155
2020-07-26T070208,COLUMBIA,27
2020-07-26T070208,DESOTO,4
2020-07-26T070208,DUVAL,478
2020-07-26T070208,ESCAMBIA,206
2020-07-26T070208,FLAGLER,19
2020-07-26T070208,FRANKLIN,0
2020-07-26T070208,GADSDEN,34
2020-07-26T070208,GULF,3
2020-07-26T070208,HARDEE,0
2020-07-26T070208,HENDRY,7
2020-07-26T070208,HERNANDO,81
2020-07-26T070208,HIGHLANDS,54
2020-07-26T070208,HILLSBOROUGH,505
2020-07-26T070208,HOLMES,1
2020-07-26T070208,INDIAN RIVER,23
2020-07-26T070208,JACKSON,20
2020-07-26T070208,LAKE,98
2020-07-26T070208,LEE,215
2020-07-26T070208,LEON,70
2020-07-26T070208,MADISON,1
2020-07-26T070208,MANATEE,102
2020-07-26T070208,MARION,101
2020-07-26T070208,MARTIN,34
2020-07-26T070208,MIAMI-DADE,"1,868"
2020-07-26T070208,MONROE,17
2020-07-26T070208,NASSAU,4
2020-07-26T070208,OKALOOSA,53
2020-07-26T070208,OKEECHOBEE,12
2020-07-26T070208,ORANGE,556
2020-07-26T070208,OSCEOLA,208
2020-07-26T070208,PALM BEACH,587
2020-07-26T070208,PASCO,113
2020-07-26T070208,PINELLAS,423
2020-07-26T070208,POLK,274
2020-07-26T070208,PUTNAM,22
2020-07-26T070208,SANTA ROSA,26
2020-07-26T070208,SARASOTA,150
2020-07-26T070208,SEMINOLE,146
2020-07-26T070208,ST. JOHNS,31
2020-07-26T070208,ST. LUCIE,168
2020-07-26T070208,SUMTER,29
2020-07-26T070208,SUWANNEE,0
2020-07-26T070208,TAYLOR,0
2020-07-26T070208,UNION,0
2020-07-26T070208,VOLUSIA,141
2020-07-26T070208,WALTON,10
2020-07-26T070208,WASHINGTON,2
2020-07-26T070208,All,"8,951"
2020-07-26T120212,ALACHUA,142
2020-07-26T120212,BAKER,33
2020-07-26T120212,BAY,85
2020-07-26T120212,BRADFORD,0
2020-07-26T120212,BREVARD,140
2020-07-26T120212,BROWARD,"1,260"
2020-07-26T120212,CALHOUN,1
2020-07-26T120212,CHARLOTTE,66
2020-07-26T120212,CITRUS,32
2020-07-26T120212,CLAY,85
2020-07-26T120212,COLLIER,151
2020-07-26T120212,COLUMBIA,25
2020-07-26T120212,DESOTO,2
2020-07-26T120212,DUVAL,487
2020-07-26T120212,ESCAMBIA,207
2020-07-26T120212,FLAGLER,21
2020-07-26T120212,FRANKLIN,0
2020-07-26T120212,GADSDEN,34
2020-07-26T120212,GULF,2
2020-07-26T120212,HARDEE,0
2020-07-26T120212,HENDRY,9
2020-07-26T120212,HERNANDO,49
2020-07-26T120212,HIGHLANDS,54
2020-07-26T120212,HILLSBOROUGH,503
2020-07-26T120212,HOLMES,1
2020-07-26T120212,INDIAN RIVER,24
2020-07-26T120212,JACKSON,19
2020-07-26T120212,LAKE,104
2020-07-26T120212,LEE,211
2020-07-26T120212,LEON,68
2020-07-26T120212,MADISON,1
2020-07-26T120212,MANATEE,127
2020-07-26T120212,MARION,107
2020-07-26T120212,MARTIN,32
2020-07-26T120212,MIAMI-DADE,"1,871"
2020-07-26T120212,MONROE,17
2020-07-26T120212,NASSAU,5
2020-07-26T120212,OKALOOSA,52
2020-07-26T120212,OKEECHOBEE,13
2020-07-26T120212,ORANGE,537
2020-07-26T120212,OSCEOLA,210
2020-07-26T120212,PALM BEACH,607
2020-07-26T120212,PASCO,112
2020-07-26T120212,PINELLAS,416
2020-07-26T120212,POLK,277
2020-07-26T120212,PUTNAM,24
2020-07-26T120212,SANTA ROSA,28
2020-07-26T120212,SARASOTA,147
2020-07-26T120212,SEMINOLE,141
2020-07-26T120212,ST. JOHNS,35
2020-07-26T120212,ST. LUCIE,163
2020-07-26T120212,SUMTER,33
2020-07-26T120212,SUWANNEE,0
2020-07-26T120212,TAYLOR,0
2020-07-26T120212,UNION,0
2020-07-26T120212,VOLUSIA,138
2020-07-26T120212,WALTON,10
2020-07-26T120212,WASHINGTON,3
2020-07-26T120212,All,"8,921"
2020-07-26T190040,ALACHUA,142
2020-07-26T190040,BAKER,33
2020-07-26T190040,BAY,85
2020-07-26T190040,BRADFORD,0
2020-07-26T190040,BREVARD,135
2020-07-26T190040,BROWARD,"1,260"
2020-07-26T190040,CALHOUN,1
2020-07-26T190040,CHARLOTTE,66
2020-07-26T190040,CITRUS,32
2020-07-26T190040,CLAY,85
2020-07-26T190040,COLLIER,152
2020-07-26T190040,COLUMBIA,25
2020-07-26T190040,DESOTO,2
2020-07-26T190040,DUVAL,487
2020-07-26T190040,ESCAMBIA,207
2020-07-26T190040,FLAGLER,21
2020-07-26T190040,FRANKLIN,0
2020-07-26T190040,GADSDEN,34
2020-07-26T190040,GULF,2
2020-07-26T190040,HARDEE,0
2020-07-26T190040,HENDRY,9
2020-07-26T190040,HERNANDO,49
2020-07-26T190040,HIGHLANDS,54
2020-07-26T190040,HILLSBOROUGH,503
2020-07-26T190040,HOLMES,1
2020-07-26T190040,INDIAN RIVER,24
2020-07-26T190040,JACKSON,19
2020-07-26T190040,LAKE,104
2020-07-26T190040,LEE,211
2020-07-26T190040,LEON,68
2020-07-26T190040,MADISON,1
2020-07-26T190040,MANATEE,127
2020-07-26T190040,MARION,107
2020-07-26T190040,MARTIN,32
2020-07-26T190040,MIAMI-DADE,"1,908"
2020-07-26T190040,MONROE,15
2020-07-26T190040,NASSAU,5
2020-07-26T190040,OKALOOSA,52
2020-07-26T190040,OKEECHOBEE,13
2020-07-26T190040,ORANGE,540
2020-07-26T190040,OSCEOLA,212
2020-07-26T190040,PALM BEACH,606
2020-07-26T190040,PASCO,112
2020-07-26T190040,PINELLAS,416
2020-07-26T190040,POLK,277
2020-07-26T190040,PUTNAM,24
2020-07-26T190040,SANTA ROSA,28
2020-07-26T190040,SARASOTA,147
2020-07-26T190040,SEMINOLE,141
2020-07-26T190040,ST. JOHNS,35
2020-07-26T190040,ST. LUCIE,163
2020-07-26T190040,SUMTER,33
2020-07-26T190040,SUWANNEE,0
2020-07-26T190040,TAYLOR,0
2020-07-26T190040,UNION,0
2020-07-26T190040,VOLUSIA,133
2020-07-26T190040,WALTON,10
2020-07-26T190040,WASHINGTON,3
2020-07-26T190040,All,"8,951"
2020-07-27T070050,ALACHUA,142
2020-07-27T070050,BAKER,33
2020-07-27T070050,BAY,85
2020-07-27T070050,BRADFORD,0
2020-07-27T070050,BREVARD,135
2020-07-27T070050,BROWARD,"1,260"
2020-07-27T070050,CALHOUN,1
2020-07-27T070050,CHARLOTTE,66
2020-07-27T070050,CITRUS,32
2020-07-27T070050,CLAY,85
2020-07-27T070050,COLLIER,152
2020-07-27T070050,COLUMBIA,25
2020-07-27T070050,DESOTO,2
2020-07-27T070050,DUVAL,487
2020-07-27T070050,ESCAMBIA,207
2020-07-27T070050,FLAGLER,21
2020-07-27T070050,FRANKLIN,0
2020-07-27T070050,GADSDEN,34
2020-07-27T070050,GULF,2
2020-07-27T070050,HARDEE,0
2020-07-27T070050,HENDRY,9
2020-07-27T070050,HERNANDO,49
2020-07-27T070050,HIGHLANDS,54
2020-07-27T070050,HILLSBOROUGH,503
2020-07-27T070050,HOLMES,1
2020-07-27T070050,INDIAN RIVER,24
2020-07-27T070050,JACKSON,19
2020-07-27T070050,LAKE,104
2020-07-27T070050,LEE,211
2020-07-27T070050,LEON,68
2020-07-27T070050,MADISON,1
2020-07-27T070050,MANATEE,127
2020-07-27T070050,MARION,107
2020-07-27T070050,MARTIN,32
2020-07-27T070050,MIAMI-DADE,"1,908"
2020-07-27T070050,MONROE,15
2020-07-27T070050,NASSAU,5
2020-07-27T070050,OKALOOSA,52
2020-07-27T070050,OKEECHOBEE,13
2020-07-27T070050,ORANGE,540
2020-07-27T070050,OSCEOLA,212
2020-07-27T070050,PALM BEACH,606
2020-07-27T070050,PASCO,112
2020-07-27T070050,PINELLAS,416
2020-07-27T070050,POLK,277
2020-07-27T070050,PUTNAM,24
2020-07-27T070050,SANTA ROSA,28
2020-07-27T070050,SARASOTA,147
2020-07-27T070050,SEMINOLE,141
2020-07-27T070050,ST. JOHNS,35
2020-07-27T070050,ST. LUCIE,163
2020-07-27T070050,SUMTER,33
2020-07-27T070050,SUWANNEE,0
2020-07-27T070050,TAYLOR,0
2020-07-27T070050,UNION,0
2020-07-27T070050,VOLUSIA,133
2020-07-27T070050,WALTON,10
2020-07-27T070050,WASHINGTON,3
2020-07-27T070050,All,"8,951"
2020-07-27T120127,ALACHUA,138
2020-07-27T120127,BAKER,33
2020-07-27T120127,BAY,82
2020-07-27T120127,BRADFORD,0
2020-07-27T120127,BREVARD,126
2020-07-27T120127,BROWARD,"1,271"
2020-07-27T120127,CALHOUN,0
2020-07-27T120127,CHARLOTTE,59
2020-07-27T120127,CITRUS,33
2020-07-27T120127,CLAY,86
2020-07-27T120127,COLLIER,153
2020-07-27T120127,COLUMBIA,31
2020-07-27T120127,DESOTO,2
2020-07-27T120127,DUVAL,490
2020-07-27T120127,ESCAMBIA,205
2020-07-27T120127,FLAGLER,20
2020-07-27T120127,FRANKLIN,0
2020-07-27T120127,GADSDEN,34
2020-07-27T120127,GULF,3
2020-07-27T120127,HARDEE,0
2020-07-27T120127,HENDRY,8
2020-07-27T120127,HERNANDO,70
2020-07-27T120127,HIGHLANDS,49
2020-07-27T120127,HILLSBOROUGH,518
2020-07-27T120127,HOLMES,1
2020-07-27T120127,INDIAN RIVER,25
2020-07-27T120127,JACKSON,20
2020-07-27T120127,LAKE,102
2020-07-27T120127,LEE,213
2020-07-27T120127,LEON,76
2020-07-27T120127,MADISON,0
2020-07-27T120127,MANATEE,127
2020-07-27T120127,MARION,107
2020-07-27T120127,MARTIN,32
2020-07-27T120127,MIAMI-DADE,"1,975"
2020-07-27T120127,MONROE,16
2020-07-27T120127,NASSAU,4
2020-07-27T120127,OKALOOSA,48
2020-07-27T120127,OKEECHOBEE,14
2020-07-27T120127,ORANGE,528
2020-07-27T120127,OSCEOLA,204
2020-07-27T120127,PALM BEACH,616
2020-07-27T120127,PASCO,117
2020-07-27T120127,PINELLAS,427
2020-07-27T120127,POLK,291
2020-07-27T120127,PUTNAM,22
2020-07-27T120127,SANTA ROSA,26
2020-07-27T120127,SARASOTA,148
2020-07-27T120127,SEMINOLE,145
2020-07-27T120127,ST. JOHNS,35
2020-07-27T120127,ST. LUCIE,180
2020-07-27T120127,SUMTER,32
2020-07-27T120127,SUWANNEE,0
2020-07-27T120127,TAYLOR,0
2020-07-27T120127,UNION,0
2020-07-27T120127,VOLUSIA,141
2020-07-27T120127,WALTON,12
2020-07-27T120127,WASHINGTON,3
2020-07-27T120127,All,"9,098"
2020-07-27T190100,ALACHUA,138
2020-07-27T190100,BAKER,35
2020-07-27T190100,BAY,82
2020-07-27T190100,BRADFORD,0
2020-07-27T190100,BREVARD,127
2020-07-27T190100,BROWARD,"1,276"
2020-07-27T190100,CALHOUN,0
2020-07-27T190100,CHARLOTTE,59
2020-07-27T190100,CITRUS,29
2020-07-27T190100,CLAY,86
2020-07-27T190100,COLLIER,156
2020-07-27T190100,COLUMBIA,31
2020-07-27T190100,DESOTO,2
2020-07-27T190100,DUVAL,490
2020-07-27T190100,ESCAMBIA,205
2020-07-27T190100,FLAGLER,20
2020-07-27T190100,FRANKLIN,0
2020-07-27T190100,GADSDEN,34
2020-07-27T190100,GULF,3
2020-07-27T190100,HARDEE,0
2020-07-27T190100,HENDRY,8
2020-07-27T190100,HERNANDO,70
2020-07-27T190100,HIGHLANDS,49
2020-07-27T190100,HILLSBOROUGH,518
2020-07-27T190100,HOLMES,1
2020-07-27T190100,INDIAN RIVER,25
2020-07-27T190100,JACKSON,20
2020-07-27T190100,LAKE,108
2020-07-27T190100,LEE,213
2020-07-27T190100,LEON,76
2020-07-27T190100,MADISON,0
2020-07-27T190100,MANATEE,127
2020-07-27T190100,MARION,120
2020-07-27T190100,MARTIN,32
2020-07-27T190100,MIAMI-DADE,"1,965"
2020-07-27T190100,MONROE,16
2020-07-27T190100,NASSAU,4
2020-07-27T190100,OKALOOSA,48
2020-07-27T190100,OKEECHOBEE,14
2020-07-27T190100,ORANGE,516
2020-07-27T190100,OSCEOLA,202
2020-07-27T190100,PALM BEACH,619
2020-07-27T190100,PASCO,117
2020-07-27T190100,PINELLAS,428
2020-07-27T190100,POLK,290
2020-07-27T190100,PUTNAM,22
2020-07-27T190100,SANTA ROSA,26
2020-07-27T190100,SARASOTA,148
2020-07-27T190100,SEMINOLE,146
2020-07-27T190100,ST. JOHNS,29
2020-07-27T190100,ST. LUCIE,180
2020-07-27T190100,SUMTER,32
2020-07-27T190100,SUWANNEE,0
2020-07-27T190100,TAYLOR,0
2020-07-27T190100,UNION,0
2020-07-27T190100,VOLUSIA,141
2020-07-27T190100,WALTON,12
2020-07-27T190100,WASHINGTON,3
2020-07-27T190100,All,"9,098"
2020-07-28T070141,ALACHUA,138
2020-07-28T070141,BAKER,35
2020-07-28T070141,BAY,82
2020-07-28T070141,BRADFORD,0
2020-07-28T070141,BREVARD,127
2020-07-28T070141,BROWARD,"1,276"
2020-07-28T070141,CALHOUN,0
2020-07-28T070141,CHARLOTTE,59
2020-07-28T070141,CITRUS,29
2020-07-28T070141,CLAY,86
2020-07-28T070141,COLLIER,156
2020-07-28T070141,COLUMBIA,31
2020-07-28T070141,DESOTO,2
2020-07-28T070141,DUVAL,490
2020-07-28T070141,ESCAMBIA,205
2020-07-28T070141,FLAGLER,20
2020-07-28T070141,FRANKLIN,0
2020-07-28T070141,GADSDEN,34
2020-07-28T070141,GULF,3
2020-07-28T070141,HARDEE,0
2020-07-28T070141,HENDRY,8
2020-07-28T070141,HERNANDO,70
2020-07-28T070141,HIGHLANDS,49
2020-07-28T070141,HILLSBOROUGH,518
2020-07-28T070141,HOLMES,1
2020-07-28T070141,INDIAN RIVER,25
2020-07-28T070141,JACKSON,20
2020-07-28T070141,LAKE,108
2020-07-28T070141,LEE,213
2020-07-28T070141,LEON,76
2020-07-28T070141,MADISON,0
2020-07-28T070141,MANATEE,127
2020-07-28T070141,MARION,120
2020-07-28T070141,MARTIN,32
2020-07-28T070141,MIAMI-DADE,"1,965"
2020-07-28T070141,MONROE,16
2020-07-28T070141,NASSAU,4
2020-07-28T070141,OKALOOSA,48
2020-07-28T070141,OKEECHOBEE,14
2020-07-28T070141,ORANGE,516
2020-07-28T070141,OSCEOLA,202
2020-07-28T070141,PALM BEACH,619
2020-07-28T070141,PASCO,117
2020-07-28T070141,PINELLAS,428
2020-07-28T070141,POLK,290
2020-07-28T070141,PUTNAM,22
2020-07-28T070141,SANTA ROSA,26
2020-07-28T070141,SARASOTA,148
2020-07-28T070141,SEMINOLE,146
2020-07-28T070141,ST. JOHNS,29
2020-07-28T070141,ST. LUCIE,180
2020-07-28T070141,SUMTER,32
2020-07-28T070141,SUWANNEE,0
2020-07-28T070141,TAYLOR,0
2020-07-28T070141,UNION,0
2020-07-28T070141,VOLUSIA,141
2020-07-28T070141,WALTON,12
2020-07-28T070141,WASHINGTON,3
2020-07-28T070141,All,"9,098"
2020-07-28T120101,ALACHUA,138
2020-07-28T120101,BAKER,35
2020-07-28T120101,BAY,82
2020-07-28T120101,BRADFORD,0
2020-07-28T120101,BREVARD,127
2020-07-28T120101,BROWARD,"1,276"
2020-07-28T120101,CALHOUN,0
2020-07-28T120101,CHARLOTTE,59
2020-07-28T120101,CITRUS,29
2020-07-28T120101,CLAY,86
2020-07-28T120101,COLLIER,156
2020-07-28T120101,COLUMBIA,31
2020-07-28T120101,DESOTO,2
2020-07-28T120101,DUVAL,490
2020-07-28T120101,ESCAMBIA,205
2020-07-28T120101,FLAGLER,20
2020-07-28T120101,FRANKLIN,0
2020-07-28T120101,GADSDEN,34
2020-07-28T120101,GULF,3
2020-07-28T120101,HARDEE,0
2020-07-28T120101,HENDRY,8
2020-07-28T120101,HERNANDO,70
2020-07-28T120101,HIGHLANDS,49
2020-07-28T120101,HILLSBOROUGH,518
2020-07-28T120101,HOLMES,1
2020-07-28T120101,INDIAN RIVER,25
2020-07-28T120101,JACKSON,20
2020-07-28T120101,LAKE,108
2020-07-28T120101,LEE,213
2020-07-28T120101,LEON,76
2020-07-28T120101,MADISON,0
2020-07-28T120101,MANATEE,127
2020-07-28T120101,MARION,120
2020-07-28T120101,MARTIN,32
2020-07-28T120101,MIAMI-DADE,"1,965"
2020-07-28T120101,MONROE,16
2020-07-28T120101,NASSAU,4
2020-07-28T120101,OKALOOSA,48
2020-07-28T120101,OKEECHOBEE,14
2020-07-28T120101,ORANGE,516
2020-07-28T120101,OSCEOLA,202
2020-07-28T120101,PALM BEACH,619
2020-07-28T120101,PASCO,117
2020-07-28T120101,PINELLAS,428
2020-07-28T120101,POLK,290
2020-07-28T120101,PUTNAM,22
2020-07-28T120101,SANTA ROSA,26
2020-07-28T120101,SARASOTA,148
2020-07-28T120101,SEMINOLE,146
2020-07-28T120101,ST. JOHNS,29
2020-07-28T120101,ST. LUCIE,180
2020-07-28T120101,SUMTER,32
2020-07-28T120101,SUWANNEE,0
2020-07-28T120101,TAYLOR,0
2020-07-28T120101,UNION,0
2020-07-28T120101,VOLUSIA,141
2020-07-28T120101,WALTON,12
2020-07-28T120101,WASHINGTON,3
2020-07-28T120101,All,"9,098"
2020-07-28T190043,ALACHUA,131
2020-07-28T190043,BAKER,35
2020-07-28T190043,BAY,79
2020-07-28T190043,BRADFORD,0
2020-07-28T190043,BREVARD,124
2020-07-28T190043,BROWARD,"1,285"
2020-07-28T190043,CALHOUN,0
2020-07-28T190043,CHARLOTTE,61
2020-07-28T190043,CITRUS,26
2020-07-28T190043,CLAY,85
2020-07-28T190043,COLLIER,147
2020-07-28T190043,COLUMBIA,33
2020-07-28T190043,DESOTO,2
2020-07-28T190043,DUVAL,484
2020-07-28T190043,ESCAMBIA,207
2020-07-28T190043,FLAGLER,21
2020-07-28T190043,FRANKLIN,0
2020-07-28T190043,GADSDEN,34
2020-07-28T190043,GULF,4
2020-07-28T190043,HARDEE,0
2020-07-28T190043,HENDRY,8
2020-07-28T190043,HERNANDO,68
2020-07-28T190043,HIGHLANDS,54
2020-07-28T190043,HILLSBOROUGH,471
2020-07-28T190043,HOLMES,1
2020-07-28T190043,INDIAN RIVER,20
2020-07-28T190043,JACKSON,21
2020-07-28T190043,LAKE,101
2020-07-28T190043,LEE,198
2020-07-28T190043,LEON,78
2020-07-28T190043,MADISON,0
2020-07-28T190043,MANATEE,123
2020-07-28T190043,MARION,119
2020-07-28T190043,MARTIN,31
2020-07-28T190043,MIAMI-DADE,"2,046"
2020-07-28T190043,MONROE,16
2020-07-28T190043,NASSAU,2
2020-07-28T190043,OKALOOSA,51
2020-07-28T190043,OKEECHOBEE,13
2020-07-28T190043,ORANGE,521
2020-07-28T190043,OSCEOLA,169
2020-07-28T190043,PALM BEACH,601
2020-07-28T190043,PASCO,108
2020-07-28T190043,PINELLAS,392
2020-07-28T190043,POLK,290
2020-07-28T190043,PUTNAM,17
2020-07-28T190043,SANTA ROSA,24
2020-07-28T190043,SARASOTA,145
2020-07-28T190043,SEMINOLE,145
2020-07-28T190043,ST. JOHNS,36
2020-07-28T190043,ST. LUCIE,175
2020-07-28T190043,SUMTER,29
2020-07-28T190043,SUWANNEE,0
2020-07-28T190043,TAYLOR,0
2020-07-28T190043,UNION,0
2020-07-28T190043,VOLUSIA,145
2020-07-28T190043,WALTON,12
2020-07-28T190043,WASHINGTON,4
2020-07-28T190043,All,"8,992"
2020-07-29T070136,ALACHUA,131
2020-07-29T070136,BAKER,35
2020-07-29T070136,BAY,79
2020-07-29T070136,BRADFORD,0
2020-07-29T070136,BREVARD,124
2020-07-29T070136,BROWARD,"1,285"
2020-07-29T070136,CALHOUN,0
2020-07-29T070136,CHARLOTTE,61
2020-07-29T070136,CITRUS,26
2020-07-29T070136,CLAY,85
2020-07-29T070136,COLLIER,147
2020-07-29T070136,COLUMBIA,33
2020-07-29T070136,DESOTO,2
2020-07-29T070136,DUVAL,484
2020-07-29T070136,ESCAMBIA,207
2020-07-29T070136,FLAGLER,21
2020-07-29T070136,FRANKLIN,0
2020-07-29T070136,GADSDEN,34
2020-07-29T070136,GULF,4
2020-07-29T070136,HARDEE,0
2020-07-29T070136,HENDRY,8
2020-07-29T070136,HERNANDO,68
2020-07-29T070136,HIGHLANDS,54
2020-07-29T070136,HILLSBOROUGH,471
2020-07-29T070136,HOLMES,1
2020-07-29T070136,INDIAN RIVER,20
2020-07-29T070136,JACKSON,21
2020-07-29T070136,LAKE,101
2020-07-29T070136,LEE,198
2020-07-29T070136,LEON,78
2020-07-29T070136,MADISON,0
2020-07-29T070136,MANATEE,123
2020-07-29T070136,MARION,119
2020-07-29T070136,MARTIN,31
2020-07-29T070136,MIAMI-DADE,"2,046"
2020-07-29T070136,MONROE,16
2020-07-29T070136,NASSAU,2
2020-07-29T070136,OKALOOSA,51
2020-07-29T070136,OKEECHOBEE,13
2020-07-29T070136,ORANGE,521
2020-07-29T070136,OSCEOLA,169
2020-07-29T070136,PALM BEACH,601
2020-07-29T070136,PASCO,108
2020-07-29T070136,PINELLAS,392
2020-07-29T070136,POLK,290
2020-07-29T070136,PUTNAM,17
2020-07-29T070136,SANTA ROSA,24
2020-07-29T070136,SARASOTA,145
2020-07-29T070136,SEMINOLE,145
2020-07-29T070136,ST. JOHNS,36
2020-07-29T070136,ST. LUCIE,175
2020-07-29T070136,SUMTER,29
2020-07-29T070136,SUWANNEE,0
2020-07-29T070136,TAYLOR,0
2020-07-29T070136,UNION,0
2020-07-29T070136,VOLUSIA,145
2020-07-29T070136,WALTON,12
2020-07-29T070136,WASHINGTON,4
2020-07-29T070136,All,"8,992"
2020-07-29T120032,ALACHUA,138
2020-07-29T120032,BAKER,35
2020-07-29T120032,BAY,85
2020-07-29T120032,BRADFORD,0
2020-07-29T120032,BREVARD,119
2020-07-29T120032,BROWARD,"1,267"
2020-07-29T120032,CALHOUN,0
2020-07-29T120032,CHARLOTTE,57
2020-07-29T120032,CITRUS,25
2020-07-29T120032,CLAY,75
2020-07-29T120032,COLLIER,138
2020-07-29T120032,COLUMBIA,31
2020-07-29T120032,DESOTO,3
2020-07-29T120032,DUVAL,463
2020-07-29T120032,ESCAMBIA,185
2020-07-29T120032,FLAGLER,24
2020-07-29T120032,FRANKLIN,0
2020-07-29T120032,GADSDEN,34
2020-07-29T120032,GULF,4
2020-07-29T120032,HARDEE,0
2020-07-29T120032,HENDRY,7
2020-07-29T120032,HERNANDO,66
2020-07-29T120032,HIGHLANDS,53
2020-07-29T120032,HILLSBOROUGH,476
2020-07-29T120032,HOLMES,1
2020-07-29T120032,INDIAN RIVER,26
2020-07-29T120032,JACKSON,18
2020-07-29T120032,LAKE,99
2020-07-29T120032,LEE,180
2020-07-29T120032,LEON,79
2020-07-29T120032,MADISON,0
2020-07-29T120032,MANATEE,124
2020-07-29T120032,MARION,113
2020-07-29T120032,MARTIN,29
2020-07-29T120032,MIAMI-DADE,"1,946"
2020-07-29T120032,MONROE,16
2020-07-29T120032,NASSAU,3
2020-07-29T120032,OKALOOSA,54
2020-07-29T120032,OKEECHOBEE,15
2020-07-29T120032,ORANGE,497
2020-07-29T120032,OSCEOLA,168
2020-07-29T120032,PALM BEACH,561
2020-07-29T120032,PASCO,104
2020-07-29T120032,PINELLAS,376
2020-07-29T120032,POLK,308
2020-07-29T120032,PUTNAM,17
2020-07-29T120032,SANTA ROSA,27
2020-07-29T120032,SARASOTA,145
2020-07-29T120032,SEMINOLE,134
2020-07-29T120032,ST. JOHNS,35
2020-07-29T120032,ST. LUCIE,179
2020-07-29T120032,SUMTER,32
2020-07-29T120032,SUWANNEE,0
2020-07-29T120032,TAYLOR,0
2020-07-29T120032,UNION,0
2020-07-29T120032,VOLUSIA,137
2020-07-29T120032,WALTON,12
2020-07-29T120032,WASHINGTON,4
2020-07-29T120032,All,"8,724"
2020-07-29T190113,ALACHUA,138
2020-07-29T190113,BAKER,35
2020-07-29T190113,BAY,85
2020-07-29T190113,BRADFORD,0
2020-07-29T190113,BREVARD,119
2020-07-29T190113,BROWARD,"1,267"
2020-07-29T190113,CALHOUN,0
2020-07-29T190113,CHARLOTTE,57
2020-07-29T190113,CITRUS,25
2020-07-29T190113,CLAY,75
2020-07-29T190113,COLLIER,134
2020-07-29T190113,COLUMBIA,31
2020-07-29T190113,DESOTO,3
2020-07-29T190113,DUVAL,463
2020-07-29T190113,ESCAMBIA,185
2020-07-29T190113,FLAGLER,24
2020-07-29T190113,FRANKLIN,0
2020-07-29T190113,GADSDEN,34
2020-07-29T190113,GULF,4
2020-07-29T190113,HARDEE,0
2020-07-29T190113,HENDRY,7
2020-07-29T190113,HERNANDO,66
2020-07-29T190113,HIGHLANDS,53
2020-07-29T190113,HILLSBOROUGH,476
2020-07-29T190113,HOLMES,1
2020-07-29T190113,INDIAN RIVER,26
2020-07-29T190113,JACKSON,18
2020-07-29T190113,LAKE,99
2020-07-29T190113,LEE,180
2020-07-29T190113,LEON,79
2020-07-29T190113,MADISON,0
2020-07-29T190113,MANATEE,124
2020-07-29T190113,MARION,113
2020-07-29T190113,MARTIN,29
2020-07-29T190113,MIAMI-DADE,"1,946"
2020-07-29T190113,MONROE,16
2020-07-29T190113,NASSAU,3
2020-07-29T190113,OKALOOSA,54
2020-07-29T190113,OKEECHOBEE,15
2020-07-29T190113,ORANGE,500
2020-07-29T190113,OSCEOLA,168
2020-07-29T190113,PALM BEACH,561
2020-07-29T190113,PASCO,104
2020-07-29T190113,PINELLAS,376
2020-07-29T190113,POLK,308
2020-07-29T190113,PUTNAM,17
2020-07-29T190113,SANTA ROSA,27
2020-07-29T190113,SARASOTA,145
2020-07-29T190113,SEMINOLE,134
2020-07-29T190113,ST. JOHNS,35
2020-07-29T190113,ST. LUCIE,176
2020-07-29T190113,SUMTER,32
2020-07-29T190113,SUWANNEE,0
2020-07-29T190113,TAYLOR,0
2020-07-29T190113,UNION,0
2020-07-29T190113,VOLUSIA,137
2020-07-29T190113,WALTON,12
2020-07-29T190113,WASHINGTON,4
2020-07-29T190113,All,"8,720"
2020-07-30T070225,ALACHUA,138
2020-07-30T070225,BAKER,35
2020-07-30T070225,BAY,85
2020-07-30T070225,BRADFORD,0
2020-07-30T070225,BREVARD,119
2020-07-30T070225,BROWARD,"1,267"
2020-07-30T070225,CALHOUN,0
2020-07-30T070225,CHARLOTTE,57
2020-07-30T070225,CITRUS,25
2020-07-30T070225,CLAY,75
2020-07-30T070225,COLLIER,134
2020-07-30T070225,COLUMBIA,31
2020-07-30T070225,DESOTO,3
2020-07-30T070225,DUVAL,463
2020-07-30T070225,ESCAMBIA,185
2020-07-30T070225,FLAGLER,24
2020-07-30T070225,FRANKLIN,0
2020-07-30T070225,GADSDEN,34
2020-07-30T070225,GULF,4
2020-07-30T070225,HARDEE,0
2020-07-30T070225,HENDRY,7
2020-07-30T070225,HERNANDO,66
2020-07-30T070225,HIGHLANDS,53
2020-07-30T070225,HILLSBOROUGH,476
2020-07-30T070225,HOLMES,1
2020-07-30T070225,INDIAN RIVER,26
2020-07-30T070225,JACKSON,18
2020-07-30T070225,LAKE,99
2020-07-30T070225,LEE,180
2020-07-30T070225,LEON,79
2020-07-30T070225,MADISON,0
2020-07-30T070225,MANATEE,124
2020-07-30T070225,MARION,113
2020-07-30T070225,MARTIN,29
2020-07-30T070225,MIAMI-DADE,"1,946"
2020-07-30T070225,MONROE,16
2020-07-30T070225,NASSAU,3
2020-07-30T070225,OKALOOSA,54
2020-07-30T070225,OKEECHOBEE,15
2020-07-30T070225,ORANGE,500
2020-07-30T070225,OSCEOLA,168
2020-07-30T070225,PALM BEACH,561
2020-07-30T070225,PASCO,104
2020-07-30T070225,PINELLAS,376
2020-07-30T070225,POLK,308
2020-07-30T070225,PUTNAM,17
2020-07-30T070225,SANTA ROSA,27
2020-07-30T070225,SARASOTA,145
2020-07-30T070225,SEMINOLE,134
2020-07-30T070225,ST. JOHNS,35
2020-07-30T070225,ST. LUCIE,176
2020-07-30T070225,SUMTER,32
2020-07-30T070225,SUWANNEE,0
2020-07-30T070225,TAYLOR,0
2020-07-30T070225,UNION,0
2020-07-30T070225,VOLUSIA,137
2020-07-30T070225,WALTON,12
2020-07-30T070225,WASHINGTON,4
2020-07-30T070225,All,"8,720"
2020-07-30T120211,ALACHUA,145
2020-07-30T120211,BAKER,35
2020-07-30T120211,BAY,85
2020-07-30T120211,BRADFORD,0
2020-07-30T120211,BREVARD,119
2020-07-30T120211,BROWARD,"1,273"
2020-07-30T120211,CALHOUN,0
2020-07-30T120211,CHARLOTTE,55
2020-07-30T120211,CITRUS,25
2020-07-30T120211,CLAY,75
2020-07-30T120211,COLLIER,134
2020-07-30T120211,COLUMBIA,31
2020-07-30T120211,DESOTO,3
2020-07-30T120211,DUVAL,463
2020-07-30T120211,ESCAMBIA,182
2020-07-30T120211,FLAGLER,24
2020-07-30T120211,FRANKLIN,0
2020-07-30T120211,GADSDEN,34
2020-07-30T120211,GULF,4
2020-07-30T120211,HARDEE,0
2020-07-30T120211,HENDRY,8
2020-07-30T120211,HERNANDO,66
2020-07-30T120211,HIGHLANDS,53
2020-07-30T120211,HILLSBOROUGH,475
2020-07-30T120211,HOLMES,1
2020-07-30T120211,INDIAN RIVER,26
2020-07-30T120211,JACKSON,18
2020-07-30T120211,LAKE,99
2020-07-30T120211,LEE,176
2020-07-30T120211,LEON,79
2020-07-30T120211,MADISON,0
2020-07-30T120211,MANATEE,124
2020-07-30T120211,MARION,113
2020-07-30T120211,MARTIN,29
2020-07-30T120211,MIAMI-DADE,"1,839"
2020-07-30T120211,MONROE,16
2020-07-30T120211,NASSAU,3
2020-07-30T120211,OKALOOSA,55
2020-07-30T120211,OKEECHOBEE,12
2020-07-30T120211,ORANGE,500
2020-07-30T120211,OSCEOLA,172
2020-07-30T120211,PALM BEACH,559
2020-07-30T120211,PASCO,97
2020-07-30T120211,PINELLAS,380
2020-07-30T120211,POLK,308
2020-07-30T120211,PUTNAM,17
2020-07-30T120211,SANTA ROSA,28
2020-07-30T120211,SARASOTA,141
2020-07-30T120211,SEMINOLE,130
2020-07-30T120211,ST. JOHNS,32
2020-07-30T120211,ST. LUCIE,174
2020-07-30T120211,SUMTER,32
2020-07-30T120211,SUWANNEE,0
2020-07-30T120211,TAYLOR,0
2020-07-30T120211,UNION,0
2020-07-30T120211,VOLUSIA,142
2020-07-30T120211,WALTON,12
2020-07-30T120211,WASHINGTON,4
2020-07-30T120211,All,"8,607"
2020-07-30T190029,ALACHUA,148
2020-07-30T190029,BAKER,34
2020-07-30T190029,BAY,83
2020-07-30T190029,BRADFORD,0
2020-07-30T190029,BREVARD,114
2020-07-30T190029,BROWARD,"1,232"
2020-07-30T190029,CALHOUN,0
2020-07-30T190029,CHARLOTTE,55
2020-07-30T190029,CITRUS,24
2020-07-30T190029,CLAY,77
2020-07-30T190029,COLLIER,132
2020-07-30T190029,COLUMBIA,38
2020-07-30T190029,DESOTO,4
2020-07-30T190029,DUVAL,469
2020-07-30T190029,ESCAMBIA,202
2020-07-30T190029,FLAGLER,21
2020-07-30T190029,FRANKLIN,0
2020-07-30T190029,GADSDEN,61
2020-07-30T190029,GULF,6
2020-07-30T190029,HARDEE,0
2020-07-30T190029,HENDRY,8
2020-07-30T190029,HERNANDO,64
2020-07-30T190029,HIGHLANDS,57
2020-07-30T190029,HILLSBOROUGH,460
2020-07-30T190029,HOLMES,0
2020-07-30T190029,INDIAN RIVER,23
2020-07-30T190029,JACKSON,16
2020-07-30T190029,LAKE,89
2020-07-30T190029,LEE,168
2020-07-30T190029,LEON,78
2020-07-30T190029,MADISON,0
2020-07-30T190029,MANATEE,120
2020-07-30T190029,MARION,106
2020-07-30T190029,MARTIN,35
2020-07-30T190029,MIAMI-DADE,"1,827"
2020-07-30T190029,MONROE,12
2020-07-30T190029,NASSAU,5
2020-07-30T190029,OKALOOSA,53
2020-07-30T190029,OKEECHOBEE,12
2020-07-30T190029,ORANGE,459
2020-07-30T190029,OSCEOLA,146
2020-07-30T190029,PALM BEACH,532
2020-07-30T190029,PASCO,90
2020-07-30T190029,PINELLAS,372
2020-07-30T190029,POLK,278
2020-07-30T190029,PUTNAM,15
2020-07-30T190029,SANTA ROSA,27
2020-07-30T190029,SARASOTA,133
2020-07-30T190029,SEMINOLE,125
2020-07-30T190029,ST. JOHNS,32
2020-07-30T190029,ST. LUCIE,170
2020-07-30T190029,SUMTER,35
2020-07-30T190029,SUWANNEE,0
2020-07-30T190029,TAYLOR,0
2020-07-30T190029,UNION,0
2020-07-30T190029,VOLUSIA,133
2020-07-30T190029,WALTON,11
2020-07-30T190029,WASHINGTON,4
2020-07-30T190029,All,"8,395"
2020-07-31T070208,ALACHUA,148
2020-07-31T070208,BAKER,34
2020-07-31T070208,BAY,83
2020-07-31T070208,BRADFORD,0
2020-07-31T070208,BREVARD,114
2020-07-31T070208,BROWARD,"1,232"
2020-07-31T070208,CALHOUN,0
2020-07-31T070208,CHARLOTTE,55
2020-07-31T070208,CITRUS,24
2020-07-31T070208,CLAY,77
2020-07-31T070208,COLLIER,132
2020-07-31T070208,COLUMBIA,38
2020-07-31T070208,DESOTO,4
2020-07-31T070208,DUVAL,469
2020-07-31T070208,ESCAMBIA,202
2020-07-31T070208,FLAGLER,21
2020-07-31T070208,FRANKLIN,0
2020-07-31T070208,GADSDEN,61
2020-07-31T070208,GULF,6
2020-07-31T070208,HARDEE,0
2020-07-31T070208,HENDRY,8
2020-07-31T070208,HERNANDO,64
2020-07-31T070208,HIGHLANDS,57
2020-07-31T070208,HILLSBOROUGH,460
2020-07-31T070208,HOLMES,0
2020-07-31T070208,INDIAN RIVER,23
2020-07-31T070208,JACKSON,16
2020-07-31T070208,LAKE,89
2020-07-31T070208,LEE,168
2020-07-31T070208,LEON,78
2020-07-31T070208,MADISON,0
2020-07-31T070208,MANATEE,120
2020-07-31T070208,MARION,106
2020-07-31T070208,MARTIN,35
2020-07-31T070208,MIAMI-DADE,"1,827"
2020-07-31T070208,MONROE,12
2020-07-31T070208,NASSAU,5
2020-07-31T070208,OKALOOSA,53
2020-07-31T070208,OKEECHOBEE,12
2020-07-31T070208,ORANGE,459
2020-07-31T070208,OSCEOLA,146
2020-07-31T070208,PALM BEACH,532
2020-07-31T070208,PASCO,90
2020-07-31T070208,PINELLAS,372
2020-07-31T070208,POLK,278
2020-07-31T070208,PUTNAM,15
2020-07-31T070208,SANTA ROSA,27
2020-07-31T070208,SARASOTA,133
2020-07-31T070208,SEMINOLE,125
2020-07-31T070208,ST. JOHNS,32
2020-07-31T070208,ST. LUCIE,170
2020-07-31T070208,SUMTER,35
2020-07-31T070208,SUWANNEE,0
2020-07-31T070208,TAYLOR,0
2020-07-31T070208,UNION,0
2020-07-31T070208,VOLUSIA,133
2020-07-31T070208,WALTON,11
2020-07-31T070208,WASHINGTON,4
2020-07-31T070208,All,"8,395"
2020-07-31T120058,ALACHUA,150
2020-07-31T120058,BAKER,34
2020-07-31T120058,BAY,79
2020-07-31T120058,BRADFORD,0
2020-07-31T120058,BREVARD,124
2020-07-31T120058,BROWARD,"1,206"
2020-07-31T120058,CALHOUN,0
2020-07-31T120058,CHARLOTTE,53
2020-07-31T120058,CITRUS,26
2020-07-31T120058,CLAY,72
2020-07-31T120058,COLLIER,134
2020-07-31T120058,COLUMBIA,31
2020-07-31T120058,DESOTO,3
2020-07-31T120058,DUVAL,464
2020-07-31T120058,ESCAMBIA,199
2020-07-31T120058,FLAGLER,21
2020-07-31T120058,FRANKLIN,0
2020-07-31T120058,GADSDEN,61
2020-07-31T120058,GULF,4
2020-07-31T120058,HARDEE,0
2020-07-31T120058,HENDRY,8
2020-07-31T120058,HERNANDO,62
2020-07-31T120058,HIGHLANDS,56
2020-07-31T120058,HILLSBOROUGH,445
2020-07-31T120058,HOLMES,1
2020-07-31T120058,INDIAN RIVER,29
2020-07-31T120058,JACKSON,17
2020-07-31T120058,LAKE,93
2020-07-31T120058,LEE,164
2020-07-31T120058,LEON,80
2020-07-31T120058,MADISON,0
2020-07-31T120058,MANATEE,119
2020-07-31T120058,MARION,114
2020-07-31T120058,MARTIN,33
2020-07-31T120058,MIAMI-DADE,"1,773"
2020-07-31T120058,MONROE,12
2020-07-31T120058,NASSAU,5
2020-07-31T120058,OKALOOSA,52
2020-07-31T120058,OKEECHOBEE,11
2020-07-31T120058,ORANGE,456
2020-07-31T120058,OSCEOLA,148
2020-07-31T120058,PALM BEACH,526
2020-07-31T120058,PASCO,75
2020-07-31T120058,PINELLAS,351
2020-07-31T120058,POLK,283
2020-07-31T120058,PUTNAM,13
2020-07-31T120058,SANTA ROSA,29
2020-07-31T120058,SARASOTA,133
2020-07-31T120058,SEMINOLE,127
2020-07-31T120058,ST. JOHNS,29
2020-07-31T120058,ST. LUCIE,159
2020-07-31T120058,SUMTER,32
2020-07-31T120058,SUWANNEE,0
2020-07-31T120058,TAYLOR,0
2020-07-31T120058,UNION,0
2020-07-31T120058,VOLUSIA,132
2020-07-31T120058,WALTON,12
2020-07-31T120058,WASHINGTON,6
2020-07-31T120058,All,"8,246"
2020-07-31T190029,ALACHUA,150
2020-07-31T190029,BAKER,34
2020-07-31T190029,BAY,79
2020-07-31T190029,BRADFORD,0
2020-07-31T190029,BREVARD,128
2020-07-31T190029,BROWARD,"1,206"
2020-07-31T190029,CALHOUN,0
2020-07-31T190029,CHARLOTTE,53
2020-07-31T190029,CITRUS,26
2020-07-31T190029,CLAY,72
2020-07-31T190029,COLLIER,129
2020-07-31T190029,COLUMBIA,31
2020-07-31T190029,DESOTO,3
2020-07-31T190029,DUVAL,464
2020-07-31T190029,ESCAMBIA,199
2020-07-31T190029,FLAGLER,21
2020-07-31T190029,FRANKLIN,0
2020-07-31T190029,GADSDEN,61
2020-07-31T190029,GULF,4
2020-07-31T190029,HARDEE,0
2020-07-31T190029,HENDRY,8
2020-07-31T190029,HERNANDO,62
2020-07-31T190029,HIGHLANDS,56
2020-07-31T190029,HILLSBOROUGH,445
2020-07-31T190029,HOLMES,1
2020-07-31T190029,INDIAN RIVER,29
2020-07-31T190029,JACKSON,17
2020-07-31T190029,LAKE,91
2020-07-31T190029,LEE,164
2020-07-31T190029,LEON,80
2020-07-31T190029,MADISON,0
2020-07-31T190029,MANATEE,119
2020-07-31T190029,MARION,114
2020-07-31T190029,MARTIN,33
2020-07-31T190029,MIAMI-DADE,"1,758"
2020-07-31T190029,MONROE,12
2020-07-31T190029,NASSAU,5
2020-07-31T190029,OKALOOSA,52
2020-07-31T190029,OKEECHOBEE,11
2020-07-31T190029,ORANGE,446
2020-07-31T190029,OSCEOLA,146
2020-07-31T190029,PALM BEACH,523
2020-07-31T190029,PASCO,75
2020-07-31T190029,PINELLAS,351
2020-07-31T190029,POLK,283
2020-07-31T190029,PUTNAM,13
2020-07-31T190029,SANTA ROSA,29
2020-07-31T190029,SARASOTA,133
2020-07-31T190029,SEMINOLE,122
2020-07-31T190029,ST. JOHNS,29
2020-07-31T190029,ST. LUCIE,159
2020-07-31T190029,SUMTER,32
2020-07-31T190029,SUWANNEE,0
2020-07-31T190029,TAYLOR,0
2020-07-31T190029,UNION,0
2020-07-31T190029,VOLUSIA,133
2020-07-31T190029,WALTON,12
2020-07-31T190029,WASHINGTON,6
2020-07-31T190029,All,"8,209"
