timestamp,id,week_end_date,county,state,w_deaths,w_ili,w_covidl,w_neg_tests,w_pos_tests,w_t_total,w_perc_pos,w_positivity,w_events,object_id,week_start_date
2020-05-12T190149,Alachua-03/01/2020,2020-02-29,Alachua,Florida,0,0,0,0,0,0,0,0,5,6244,2020-02-23
2020-05-12T190149,Baker-03/01/2020,2020-02-29,Baker,Florida,0,0,0,0,0,0,0,0,0,6245,2020-02-23
2020-05-12T190149,Bay-03/01/2020,2020-02-29,Bay,Florida,0,0,0,0,0,0,0,0,1,6246,2020-02-23
2020-05-12T190149,Bradford-03/01/2020,2020-02-29,Bradford,Florida,0,0,0,0,0,0,0,0,0,6247,2020-02-23
2020-05-12T190149,Brevard-03/01/2020,2020-02-29,Brevard,Florida,0,0,0,0,0,0,0,0,5,6248,2020-02-23
2020-05-12T190149,Broward-03/01/2020,2020-02-29,Broward,Florida,0,0,0,16,2,18,0.111111111,11.11111111,62,6249,2020-02-23
2020-05-12T190149,Calhoun-03/01/2020,2020-02-29,Calhoun,Florida,0,0,0,0,0,0,0,0,0,6250,2020-02-23
2020-05-12T190149,Charlotte-03/01/2020,2020-02-29,Charlotte,Florida,0,0,0,0,0,0,0,0,2,6251,2020-02-23
2020-05-12T190149,Citrus-03/01/2020,2020-02-29,Citrus,Florida,0,0,0,1,0,1,0,0,2,6252,2020-02-23
2020-05-12T190149,Clay-03/01/2020,2020-02-29,Clay,Florida,0,0,0,5,0,5,0,0,7,6253,2020-02-23
2020-05-12T190149,Collier-03/01/2020,2020-02-29,Collier,Florida,0,0,0,2,0,2,0,0,7,6254,2020-02-23
2020-05-12T190149,Columbia-03/01/2020,2020-02-29,Columbia,Florida,0,0,0,0,0,0,0,0,0,6255,2020-02-23
2020-05-12T190149,Dade-03/01/2020,2020-02-29,Dade,Florida,0,0,0,8,1,9,0.111111111,11.11111111,96,6256,2020-02-23
2020-05-12T190149,Desoto-03/01/2020,2020-02-29,Desoto,Florida,0,0,0,0,0,0,0,0,0,6257,2020-02-23
2020-05-12T190149,Dixie-03/01/2020,2020-02-29,Dixie,Florida,0,0,0,0,0,0,0,0,0,6258,2020-02-23
2020-05-12T190149,Duval-03/01/2020,2020-02-29,Duval,Florida,0,0,0,1,0,1,0,0,25,6259,2020-02-23
2020-05-12T190149,Escambia-03/01/2020,2020-02-29,Escambia,Florida,0,0,0,0,0,0,0,0,4,6260,2020-02-23
2020-05-12T190149,Flagler-03/01/2020,2020-02-29,Flagler,Florida,0,0,0,0,0,0,0,0,4,6261,2020-02-23
2020-05-12T190149,Franklin-03/01/2020,2020-02-29,Franklin,Florida,0,0,0,0,0,0,0,0,0,6262,2020-02-23
2020-05-12T190149,Gadsden-03/01/2020,2020-02-29,Gadsden,Florida,0,0,0,0,0,0,0,0,0,6263,2020-02-23
2020-05-12T190149,Gilchrist-03/01/2020,2020-02-29,Gilchrist,Florida,0,0,0,0,0,0,0,0,0,6264,2020-02-23
2020-05-12T190149,Glades-03/01/2020,2020-02-29,Glades,Florida,0,0,0,0,0,0,0,0,0,6265,2020-02-23
2020-05-12T190149,Gulf-03/01/2020,2020-02-29,Gulf,Florida,0,0,0,0,0,0,0,0,0,6266,2020-02-23
2020-05-12T190149,Hamilton-03/01/2020,2020-02-29,Hamilton,Florida,0,0,0,0,0,0,0,0,0,6267,2020-02-23
2020-05-12T190149,Hardee-03/01/2020,2020-02-29,Hardee,Florida,0,0,0,1,0,1,0,0,0,6268,2020-02-23
2020-05-12T190149,Hendry-03/01/2020,2020-02-29,Hendry,Florida,0,0,0,0,0,0,0,0,1,6269,2020-02-23
2020-05-12T190149,Hernando-03/01/2020,2020-02-29,Hernando,Florida,0,0,0,0,0,0,0,0,0,6270,2020-02-23
2020-05-12T190149,Highlands-03/01/2020,2020-02-29,Highlands,Florida,0,0,0,0,0,0,0,0,0,6271,2020-02-23
2020-05-12T190149,Hillsborough-03/01/2020,2020-02-29,Hillsborough,Florida,0,0,0,10,1,11,0.090909091,9.090909091,10,6272,2020-02-23
2020-05-12T190149,Holmes-03/01/2020,2020-02-29,Holmes,Florida,0,0,0,0,0,0,0,0,0,6273,2020-02-23
2020-05-12T190149,Indian River-03/01/2020,2020-02-29,Indian River,Florida,0,0,0,3,0,3,0,0,1,6274,2020-02-23
2020-05-12T190149,Jackson-03/01/2020,2020-02-29,Jackson,Florida,0,0,0,1,0,1,0,0,1,6275,2020-02-23
2020-05-12T190149,Jefferson-03/01/2020,2020-02-29,Jefferson,Florida,0,0,0,0,0,0,0,0,0,6276,2020-02-23
2020-05-12T190149,Lafayette-03/01/2020,2020-02-29,Lafayette,Florida,0,0,0,0,0,0,0,0,0,6277,2020-02-23
2020-05-12T190149,Lake-03/01/2020,2020-02-29,Lake,Florida,0,0,0,0,0,0,0,0,3,6278,2020-02-23
2020-05-12T190149,Lee-03/01/2020,2020-02-29,Lee,Florida,1,0,0,3,2,5,0.4,40,19,6279,2020-02-23
2020-05-12T190149,Leon-03/01/2020,2020-02-29,Leon,Florida,0,0,0,2,1,3,0.333333333,33.33333333,2,6280,2020-02-23
2020-05-12T190149,Levy-03/01/2020,2020-02-29,Levy,Florida,0,0,0,0,0,0,0,0,0,6281,2020-02-23
2020-05-12T190149,Liberty-03/01/2020,2020-02-29,Liberty,Florida,0,0,0,0,0,0,0,0,0,6282,2020-02-23
2020-05-12T190149,Madison-03/01/2020,2020-02-29,Madison,Florida,0,0,0,0,0,0,0,0,0,6283,2020-02-23
2020-05-12T190149,Manatee-03/01/2020,2020-02-29,Manatee,Florida,0,0,0,4,1,5,0.2,20,8,6284,2020-02-23
2020-05-12T190149,Marion-03/01/2020,2020-02-29,Marion,Florida,0,0,0,5,0,5,0,0,1,6285,2020-02-23
2020-05-12T190149,Martin-03/01/2020,2020-02-29,Martin,Florida,0,0,0,0,0,0,0,0,5,6286,2020-02-23
2020-05-12T190149,Monroe-03/01/2020,2020-02-29,Monroe,Florida,0,0,0,1,0,1,0,0,0,6287,2020-02-23
2020-05-12T190149,Nassau-03/01/2020,2020-02-29,Nassau,Florida,0,0,0,0,0,0,0,0,3,6288,2020-02-23
2020-05-12T190149,Okaloosa-03/01/2020,2020-02-29,Okaloosa,Florida,0,0,0,2,1,3,0.333333333,33.33333333,8,6289,2020-02-23
2020-05-12T190149,Okeechobee-03/01/2020,2020-02-29,Okeechobee,Florida,0,0,0,1,0,1,0,0,0,6290,2020-02-23
2020-05-12T190149,Orange-03/01/2020,2020-02-29,Orange,Florida,0,0,0,4,0,4,0,0,13,6291,2020-02-23
2020-05-12T190149,Osceola-03/01/2020,2020-02-29,Osceola,Florida,0,0,0,1,0,1,0,0,9,6292,2020-02-23
2020-05-12T190149,Palm Beach-03/01/2020,2020-02-29,Palm Beach,Florida,0,0,0,4,1,5,0.2,20,25,6293,2020-02-23
2020-05-12T190149,Pasco-03/01/2020,2020-02-29,Pasco,Florida,0,0,0,1,0,1,0,0,3,6294,2020-02-23
2020-05-12T190149,Pinellas-03/01/2020,2020-02-29,Pinellas,Florida,0,0,0,4,0,4,0,0,22,6295,2020-02-23
2020-05-12T190149,Polk-03/01/2020,2020-02-29,Polk,Florida,0,0,0,2,0,2,0,0,5,6296,2020-02-23
2020-05-12T190149,Putnam-03/01/2020,2020-02-29,Putnam,Florida,0,0,0,1,0,1,0,0,2,6297,2020-02-23
2020-05-12T190149,Santa Rosa-03/01/2020,2020-02-29,Santa Rosa,Florida,1,0,0,1,1,2,0.5,50,3,6298,2020-02-23
2020-05-12T190149,Sarasota-03/01/2020,2020-02-29,Sarasota,Florida,0,0,0,34,0,34,0,0,6,6299,2020-02-23
2020-05-12T190149,Seminole-03/01/2020,2020-02-29,Seminole,Florida,0,0,0,1,0,1,0,0,7,6300,2020-02-23
2020-05-12T190149,St. Johns-03/01/2020,2020-02-29,St. Johns,Florida,0,0,0,1,0,1,0,0,7,6301,2020-02-23
2020-05-12T190149,St. Lucie-03/01/2020,2020-02-29,St. Lucie,Florida,0,0,0,1,0,1,0,0,4,6302,2020-02-23
2020-05-12T190149,Sumter-03/01/2020,2020-02-29,Sumter,Florida,0,0,0,0,0,0,0,0,0,6303,2020-02-23
2020-05-12T190149,Suwannee-03/01/2020,2020-02-29,Suwannee,Florida,0,0,0,0,0,0,0,0,0,6304,2020-02-23
2020-05-12T190149,Taylor-03/01/2020,2020-02-29,Taylor,Florida,0,0,0,0,0,0,0,0,0,6305,2020-02-23
2020-05-12T190149,Union-03/01/2020,2020-02-29,Union,Florida,0,0,0,0,0,0,0,0,0,6306,2020-02-23
2020-05-12T190149,Unknown-03/01/2020,2020-02-29,Unknown,Florida,0,0,0,0,0,0,0,0,0,6307,2020-02-23
2020-05-12T190149,Volusia-03/01/2020,2020-02-29,Volusia,Florida,0,0,0,1,0,1,0,0,9,6308,2020-02-23
2020-05-12T190149,Wakulla-03/01/2020,2020-02-29,Wakulla,Florida,0,0,0,0,0,0,0,0,0,6309,2020-02-23
2020-05-12T190149,Walton-03/01/2020,2020-02-29,Walton,Florida,0,0,0,0,0,0,0,0,3,6310,2020-02-23
2020-05-12T190149,Washington-03/01/2020,2020-02-29,Washington,Florida,0,0,0,0,0,0,0,0,2,6311,2020-02-23
2020-05-12T190149,Alachua-03/08/2020,2020-03-07,Alachua,Florida,0,0,0,25,1,26,0.038461538,3.846153846,19,6312,2020-03-01
2020-05-12T190149,Baker-03/08/2020,2020-03-07,Baker,Florida,0,0,0,0,0,0,0,0,0,6313,2020-03-01
2020-05-12T190149,Bay-03/08/2020,2020-03-07,Bay,Florida,0,0,0,4,0,4,0,0,5,6314,2020-03-01
2020-05-12T190149,Bradford-03/08/2020,2020-03-07,Bradford,Florida,0,0,0,2,0,2,0,0,0,6315,2020-03-01
2020-05-12T190149,Brevard-03/08/2020,2020-03-07,Brevard,Florida,0,0,0,5,0,5,0,0,12,6316,2020-03-01
2020-05-12T190149,Broward-03/08/2020,2020-03-07,Broward,Florida,0,0,0,159,19,178,0.106741573,10.6741573,260,6317,2020-03-01
2020-05-12T190149,Calhoun-03/08/2020,2020-03-07,Calhoun,Florida,0,0,0,0,0,0,0,0,0,6318,2020-03-01
2020-05-12T190149,Charlotte-03/08/2020,2020-03-07,Charlotte,Florida,0,0,0,8,1,9,0.111111111,11.11111111,4,6319,2020-03-01
2020-05-12T190149,Citrus-03/08/2020,2020-03-07,Citrus,Florida,0,0,0,0,0,0,0,0,5,6320,2020-03-01
2020-05-12T190149,Clay-03/08/2020,2020-03-07,Clay,Florida,0,0,0,5,3,8,0.375,37.5,18,6321,2020-03-01
2020-05-12T190149,Collier-03/08/2020,2020-03-07,Collier,Florida,0,0,0,19,3,22,0.136363636,13.63636364,34,6322,2020-03-01
2020-05-12T190149,Columbia-03/08/2020,2020-03-07,Columbia,Florida,0,0,0,6,0,6,0,0,2,6323,2020-03-01
2020-05-12T190149,Dade-03/08/2020,2020-03-07,Dade,Florida,0,0,0,105,13,118,0.110169492,11.01694915,452,6324,2020-03-01
2020-05-12T190149,Desoto-03/08/2020,2020-03-07,Desoto,Florida,0,0,0,4,0,4,0,0,2,6325,2020-03-01
2020-05-12T190149,Dixie-03/08/2020,2020-03-07,Dixie,Florida,0,0,0,2,0,2,0,0,0,6326,2020-03-01
2020-05-12T190149,Duval-03/08/2020,2020-03-07,Duval,Florida,0,0,0,23,1,24,0.041666667,4.166666667,60,6327,2020-03-01
2020-05-12T190149,Escambia-03/08/2020,2020-03-07,Escambia,Florida,0,0,0,12,0,12,0,0,14,6328,2020-03-01
2020-05-12T190149,Flagler-03/08/2020,2020-03-07,Flagler,Florida,0,0,0,5,0,5,0,0,12,6329,2020-03-01
2020-05-12T190149,Franklin-03/08/2020,2020-03-07,Franklin,Florida,0,0,0,0,0,0,0,0,0,6330,2020-03-01
2020-05-12T190149,Gadsden-03/08/2020,2020-03-07,Gadsden,Florida,0,0,0,3,0,3,0,0,0,6331,2020-03-01
2020-05-12T190149,Gilchrist-03/08/2020,2020-03-07,Gilchrist,Florida,0,0,0,0,0,0,0,0,0,6332,2020-03-01
2020-05-12T190149,Glades-03/08/2020,2020-03-07,Glades,Florida,0,0,0,0,0,0,0,0,0,6333,2020-03-01
2020-05-12T190149,Gulf-03/08/2020,2020-03-07,Gulf,Florida,0,0,0,1,0,1,0,0,0,6334,2020-03-01
2020-05-12T190149,Hamilton-03/08/2020,2020-03-07,Hamilton,Florida,0,0,0,0,0,0,0,0,0,6335,2020-03-01
2020-05-12T190149,Hardee-03/08/2020,2020-03-07,Hardee,Florida,0,0,0,2,0,2,0,0,0,6336,2020-03-01
2020-05-12T190149,Hendry-03/08/2020,2020-03-07,Hendry,Florida,0,0,0,1,0,1,0,0,0,6337,2020-03-01
2020-05-12T190149,Hernando-03/08/2020,2020-03-07,Hernando,Florida,0,0,0,0,0,0,0,0,10,6338,2020-03-01
2020-05-12T190149,Highlands-03/08/2020,2020-03-07,Highlands,Florida,0,0,0,0,0,0,0,0,4,6339,2020-03-01
2020-05-12T190149,Hillsborough-03/08/2020,2020-03-07,Hillsborough,Florida,0,0,0,42,4,46,0.086956522,8.695652174,88,6340,2020-03-01
2020-05-12T190149,Holmes-03/08/2020,2020-03-07,Holmes,Florida,0,0,0,0,0,0,0,0,0,6341,2020-03-01
2020-05-12T190149,Indian River-03/08/2020,2020-03-07,Indian River,Florida,0,0,0,6,0,6,0,0,14,6342,2020-03-01
2020-05-12T190149,Jackson-03/08/2020,2020-03-07,Jackson,Florida,0,0,0,1,0,1,0,0,0,6343,2020-03-01
2020-05-12T190149,Jefferson-03/08/2020,2020-03-07,Jefferson,Florida,0,0,0,0,0,0,0,0,0,6344,2020-03-01
2020-05-12T190149,Lafayette-03/08/2020,2020-03-07,Lafayette,Florida,0,0,0,1,0,1,0,0,0,6345,2020-03-01
2020-05-12T190149,Lake-03/08/2020,2020-03-07,Lake,Florida,0,0,0,12,1,13,0.076923077,7.692307692,14,6346,2020-03-01
2020-05-12T190149,Lee-03/08/2020,2020-03-07,Lee,Florida,1,0,0,35,2,37,0.054054054,5.405405405,57,6347,2020-03-01
2020-05-12T190149,Leon-03/08/2020,2020-03-07,Leon,Florida,0,0,0,13,0,13,0,0,12,6348,2020-03-01
2020-05-12T190149,Levy-03/08/2020,2020-03-07,Levy,Florida,0,0,0,2,0,2,0,0,0,6349,2020-03-01
2020-05-12T190149,Liberty-03/08/2020,2020-03-07,Liberty,Florida,0,0,0,0,0,0,0,0,0,6350,2020-03-01
2020-05-12T190149,Madison-03/08/2020,2020-03-07,Madison,Florida,0,0,0,0,0,0,0,0,0,6351,2020-03-01
2020-05-12T190149,Manatee-03/08/2020,2020-03-07,Manatee,Florida,0,0,0,14,3,17,0.176470588,16.66666667,18,6352,2020-03-01
2020-05-12T190149,Marion-03/08/2020,2020-03-07,Marion,Florida,0,0,0,1,0,1,0,0,6,6353,2020-03-01
2020-05-12T190149,Martin-03/08/2020,2020-03-07,Martin,Florida,0,0,0,1,0,1,0,0,16,6354,2020-03-01
2020-05-12T190149,Monroe-03/08/2020,2020-03-07,Monroe,Florida,0,0,0,4,0,4,0,0,4,6355,2020-03-01
2020-05-12T190149,Nassau-03/08/2020,2020-03-07,Nassau,Florida,0,0,0,4,1,5,0.2,20,4,6356,2020-03-01
2020-05-12T190149,Okaloosa-03/08/2020,2020-03-07,Okaloosa,Florida,0,0,0,17,1,18,0.055555556,5.555555556,11,6357,2020-03-01
2020-05-12T190149,Okeechobee-03/08/2020,2020-03-07,Okeechobee,Florida,0,0,0,2,0,2,0,0,0,6358,2020-03-01
2020-05-12T190149,Orange-03/08/2020,2020-03-07,Orange,Florida,1,0,0,130,3,133,0.022556391,2.255639098,84,6359,2020-03-01
2020-05-12T190149,Osceola-03/08/2020,2020-03-07,Osceola,Florida,0,0,0,24,3,27,0.111111111,11.11111111,38,6360,2020-03-01
2020-05-12T190149,Palm Beach-03/08/2020,2020-03-07,Palm Beach,Florida,1,0,0,18,4,22,0.181818182,18.18181818,126,6361,2020-03-01
2020-05-12T190149,Pasco-03/08/2020,2020-03-07,Pasco,Florida,0,0,0,16,2,18,0.111111111,11.11111111,18,6362,2020-03-01
2020-05-12T190149,Pinellas-03/08/2020,2020-03-07,Pinellas,Florida,0,0,0,34,2,36,0.055555556,5.714285714,57,6363,2020-03-01
2020-05-12T190149,Polk-03/08/2020,2020-03-07,Polk,Florida,0,0,0,18,0,18,0,0,26,6364,2020-03-01
2020-05-12T190149,Putnam-03/08/2020,2020-03-07,Putnam,Florida,0,0,0,7,0,7,0,0,2,6365,2020-03-01
2020-05-12T190149,Santa Rosa-03/08/2020,2020-03-07,Santa Rosa,Florida,0,0,0,8,0,8,0,0,5,6366,2020-03-01
2020-05-12T190149,Sarasota-03/08/2020,2020-03-07,Sarasota,Florida,0,0,0,90,1,91,0.010989011,1.098901099,24,6367,2020-03-01
2020-05-12T190149,Seminole-03/08/2020,2020-03-07,Seminole,Florida,0,0,0,33,4,37,0.108108108,10.81081081,30,6368,2020-03-01
2020-05-12T190149,St. Johns-03/08/2020,2020-03-07,St. Johns,Florida,0,0,0,20,1,21,0.047619048,4.761904762,25,6369,2020-03-01
2020-05-12T190149,St. Lucie-03/08/2020,2020-03-07,St. Lucie,Florida,0,0,0,6,0,6,0,0,16,6370,2020-03-01
2020-05-12T190149,Sumter-03/08/2020,2020-03-07,Sumter,Florida,0,0,0,5,0,5,0,0,12,6371,2020-03-01
2020-05-12T190149,Suwannee-03/08/2020,2020-03-07,Suwannee,Florida,0,0,0,2,0,2,0,0,0,6372,2020-03-01
2020-05-12T190149,Taylor-03/08/2020,2020-03-07,Taylor,Florida,0,0,0,0,0,0,0,0,0,6373,2020-03-01
2020-05-12T190149,Union-03/08/2020,2020-03-07,Union,Florida,0,0,0,1,0,1,0,0,0,6374,2020-03-01
2020-05-12T190149,Unknown-03/08/2020,2020-03-07,Unknown,Florida,0,0,0,1,0,1,0,0,0,6375,2020-03-01
2020-05-12T190149,Volusia-03/08/2020,2020-03-07,Volusia,Florida,0,0,0,17,6,23,0.260869565,26.08695652,24,6376,2020-03-01
2020-05-12T190149,Wakulla-03/08/2020,2020-03-07,Wakulla,Florida,0,0,0,0,0,0,0,0,0,6377,2020-03-01
2020-05-12T190149,Walton-03/08/2020,2020-03-07,Walton,Florida,0,0,0,0,0,0,0,0,2,6378,2020-03-01
2020-05-12T190149,Washington-03/08/2020,2020-03-07,Washington,Florida,0,0,0,0,0,0,0,0,0,6379,2020-03-01
2020-05-12T190149,Alachua-03/15/2020,2020-03-14,Alachua,Florida,0,0,0,384,25,409,0.061124694,6.053268765,34,6380,2020-03-08
2020-05-12T190149,Baker-03/15/2020,2020-03-14,Baker,Florida,0,0,0,9,1,10,0.1,10,6,6381,2020-03-08
2020-05-12T190149,Bay-03/15/2020,2020-03-14,Bay,Florida,0,0,0,14,0,14,0,0,11,6382,2020-03-08
2020-05-12T190149,Bradford-03/15/2020,2020-03-14,Bradford,Florida,0,0,0,13,0,13,0,0,2,6383,2020-03-08
2020-05-12T190149,Brevard-03/15/2020,2020-03-14,Brevard,Florida,0,0,0,60,5,65,0.076923077,7.692307692,48,6384,2020-03-08
2020-05-12T190149,Broward-03/15/2020,2020-03-14,Broward,Florida,3,0,0,1255,138,1393,0.099066762,9.827833572,844,6385,2020-03-08
2020-05-12T190149,Calhoun-03/15/2020,2020-03-14,Calhoun,Florida,0,0,0,3,0,3,0,0,0,6386,2020-03-08
2020-05-12T190149,Charlotte-03/15/2020,2020-03-14,Charlotte,Florida,0,0,0,36,1,37,0.027027027,2.702702703,12,6387,2020-03-08
2020-05-12T190149,Citrus-03/15/2020,2020-03-14,Citrus,Florida,0,0,0,34,8,42,0.19047619,19.04761905,25,6388,2020-03-08
2020-05-12T190149,Clay-03/15/2020,2020-03-14,Clay,Florida,2,0,0,51,3,54,0.055555556,5.555555556,32,6389,2020-03-08
2020-05-12T190149,Collier-03/15/2020,2020-03-14,Collier,Florida,0,0,0,160,22,182,0.120879121,12.08791209,104,6390,2020-03-08
2020-05-12T190149,Columbia-03/15/2020,2020-03-14,Columbia,Florida,0,0,0,17,1,18,0.055555556,5.555555556,5,6391,2020-03-08
2020-05-12T190149,Dade-03/15/2020,2020-03-14,Dade,Florida,0,0,0,1175,145,1320,0.109848485,10.9939759,1430,6392,2020-03-08
2020-05-12T190149,Desoto-03/15/2020,2020-03-14,Desoto,Florida,0,0,0,3,0,3,0,0,7,6393,2020-03-08
2020-05-12T190149,Dixie-03/15/2020,2020-03-14,Dixie,Florida,0,0,0,4,0,4,0,0,1,6394,2020-03-08
2020-05-12T190149,Duval-03/15/2020,2020-03-14,Duval,Florida,2,0,0,342,30,372,0.080645161,8.064516129,149,6395,2020-03-08
2020-05-12T190149,Escambia-03/15/2020,2020-03-14,Escambia,Florida,0,0,0,23,1,24,0.041666667,4.166666667,49,6396,2020-03-08
2020-05-12T190149,Flagler-03/15/2020,2020-03-14,Flagler,Florida,0,0,0,45,0,45,0,0,15,6397,2020-03-08
2020-05-12T190149,Franklin-03/15/2020,2020-03-14,Franklin,Florida,0,0,0,4,0,4,0,0,0,6398,2020-03-08
2020-05-12T190149,Gadsden-03/15/2020,2020-03-14,Gadsden,Florida,0,0,0,11,0,11,0,0,1,6399,2020-03-08
2020-05-12T190149,Gilchrist-03/15/2020,2020-03-14,Gilchrist,Florida,0,0,0,7,0,7,0,0,0,6400,2020-03-08
2020-05-12T190149,Glades-03/15/2020,2020-03-14,Glades,Florida,0,0,0,0,0,0,0,0,1,6401,2020-03-08
2020-05-12T190149,Gulf-03/15/2020,2020-03-14,Gulf,Florida,0,0,0,2,0,2,0,0,1,6402,2020-03-08
2020-05-12T190149,Hamilton-03/15/2020,2020-03-14,Hamilton,Florida,0,0,0,1,0,1,0,0,0,6403,2020-03-08
2020-05-12T190149,Hardee-03/15/2020,2020-03-14,Hardee,Florida,0,0,0,2,0,2,0,0,0,6404,2020-03-08
2020-05-12T190149,Hendry-03/15/2020,2020-03-14,Hendry,Florida,0,0,0,7,0,7,0,0,6,6405,2020-03-08
2020-05-12T190149,Hernando-03/15/2020,2020-03-14,Hernando,Florida,0,0,0,44,5,49,0.102040816,10.20408163,22,6406,2020-03-08
2020-05-12T190149,Highlands-03/15/2020,2020-03-14,Highlands,Florida,1,0,0,10,1,11,0.090909091,9.090909091,12,6407,2020-03-08
2020-05-12T190149,Hillsborough-03/15/2020,2020-03-14,Hillsborough,Florida,0,0,0,773,41,814,0.05036855,5.030674847,268,6408,2020-03-08
2020-05-12T190149,Holmes-03/15/2020,2020-03-14,Holmes,Florida,0,0,0,2,0,2,0,0,1,6409,2020-03-08
2020-05-12T190149,Indian River-03/15/2020,2020-03-14,Indian River,Florida,0,0,0,43,5,48,0.104166667,10.41666667,19,6410,2020-03-08
2020-05-12T190149,Jackson-03/15/2020,2020-03-14,Jackson,Florida,0,0,0,8,0,8,0,0,0,6411,2020-03-08
2020-05-12T190149,Jefferson-03/15/2020,2020-03-14,Jefferson,Florida,0,0,0,3,0,3,0,0,0,6412,2020-03-08
2020-05-12T190149,Lafayette-03/15/2020,2020-03-14,Lafayette,Florida,0,0,0,2,0,2,0,0,0,6413,2020-03-08
2020-05-12T190149,Lake-03/15/2020,2020-03-14,Lake,Florida,0,0,0,54,4,58,0.068965517,6.896551724,47,6414,2020-03-08
2020-05-12T190149,Lee-03/15/2020,2020-03-14,Lee,Florida,1,0,0,90,13,103,0.126213592,12.62135922,165,6415,2020-03-08
2020-05-12T190149,Leon-03/15/2020,2020-03-14,Leon,Florida,0,0,0,87,2,89,0.02247191,2.247191011,28,6416,2020-03-08
2020-05-12T190149,Levy-03/15/2020,2020-03-14,Levy,Florida,0,0,0,20,0,20,0,0,2,6417,2020-03-08
2020-05-12T190149,Liberty-03/15/2020,2020-03-14,Liberty,Florida,0,0,0,0,0,0,0,0,0,6418,2020-03-08
2020-05-12T190149,Madison-03/15/2020,2020-03-14,Madison,Florida,0,0,0,3,0,3,0,0,2,6419,2020-03-08
2020-05-12T190149,Manatee-03/15/2020,2020-03-14,Manatee,Florida,1,0,0,71,8,79,0.101265823,10.12658228,48,6420,2020-03-08
2020-05-12T190149,Marion-03/15/2020,2020-03-14,Marion,Florida,0,0,0,50,2,52,0.038461538,3.773584906,14,6421,2020-03-08
2020-05-12T190149,Martin-03/15/2020,2020-03-14,Martin,Florida,0,0,0,33,1,34,0.029411765,2.941176471,43,6422,2020-03-08
2020-05-12T190149,Monroe-03/15/2020,2020-03-14,Monroe,Florida,0,0,0,25,1,26,0.038461538,3.846153846,22,6423,2020-03-08
2020-05-12T190149,Nassau-03/15/2020,2020-03-14,Nassau,Florida,0,0,0,37,0,37,0,0,10,6424,2020-03-08
2020-05-12T190149,Okaloosa-03/15/2020,2020-03-14,Okaloosa,Florida,0,0,0,24,10,34,0.294117647,29.41176471,24,6425,2020-03-08
2020-05-12T190149,Okeechobee-03/15/2020,2020-03-14,Okeechobee,Florida,0,0,0,12,0,12,0,0,3,6426,2020-03-08
2020-05-12T190149,Orange-03/15/2020,2020-03-14,Orange,Florida,2,0,0,328,21,349,0.06017192,6,259,6427,2020-03-08
2020-05-12T190149,Osceola-03/15/2020,2020-03-14,Osceola,Florida,0,0,0,129,16,145,0.110344828,11.03448276,105,6428,2020-03-08
2020-05-12T190149,Palm Beach-03/15/2020,2020-03-14,Palm Beach,Florida,2,0,0,335,46,381,0.120734908,12.07349081,203,6429,2020-03-08
2020-05-12T190149,Pasco-03/15/2020,2020-03-14,Pasco,Florida,0,0,0,128,5,133,0.037593985,3.759398496,38,6430,2020-03-08
2020-05-12T190149,Pinellas-03/15/2020,2020-03-14,Pinellas,Florida,0,0,0,309,24,333,0.072072072,7.207207207,141,6431,2020-03-08
2020-05-12T190149,Polk-03/15/2020,2020-03-14,Polk,Florida,0,0,0,128,11,139,0.079136691,7.971014493,70,6432,2020-03-08
2020-05-12T190149,Putnam-03/15/2020,2020-03-14,Putnam,Florida,0,0,0,34,1,35,0.028571429,2.857142857,12,6433,2020-03-08
2020-05-12T190149,Santa Rosa-03/15/2020,2020-03-14,Santa Rosa,Florida,0,0,0,21,2,23,0.086956522,8.695652174,26,6434,2020-03-08
2020-05-12T190149,Sarasota-03/15/2020,2020-03-14,Sarasota,Florida,1,0,0,139,10,149,0.067114094,6.666666667,61,6435,2020-03-08
2020-05-12T190149,Seminole-03/15/2020,2020-03-14,Seminole,Florida,0,0,0,95,10,105,0.095238095,9.523809524,84,6436,2020-03-08
2020-05-12T190149,St. Johns-03/15/2020,2020-03-14,St. Johns,Florida,1,0,0,163,8,171,0.046783626,4.651162791,57,6437,2020-03-08
2020-05-12T190149,St. Lucie-03/15/2020,2020-03-14,St. Lucie,Florida,0,0,0,64,1,65,0.015384615,1.538461538,51,6438,2020-03-08
2020-05-12T190149,Sumter-03/15/2020,2020-03-14,Sumter,Florida,0,0,0,45,4,49,0.081632653,8.163265306,44,6439,2020-03-08
2020-05-12T190149,Suwannee-03/15/2020,2020-03-14,Suwannee,Florida,0,0,0,10,0,10,0,0,4,6440,2020-03-08
2020-05-12T190149,Taylor-03/15/2020,2020-03-14,Taylor,Florida,0,0,0,5,0,5,0,0,1,6441,2020-03-08
2020-05-12T190149,Union-03/15/2020,2020-03-14,Union,Florida,0,0,0,17,0,17,0,0,1,6442,2020-03-08
2020-05-12T190149,Unknown-03/15/2020,2020-03-14,Unknown,Florida,0,0,0,3,0,3,0,0,0,6443,2020-03-08
2020-05-12T190149,Volusia-03/15/2020,2020-03-14,Volusia,Florida,0,0,0,51,6,57,0.105263158,10.52631579,53,6444,2020-03-08
2020-05-12T190149,Wakulla-03/15/2020,2020-03-14,Wakulla,Florida,0,0,0,8,0,8,0,0,3,6445,2020-03-08
2020-05-12T190149,Walton-03/15/2020,2020-03-14,Walton,Florida,0,0,0,22,2,24,0.083333333,8.333333333,4,6446,2020-03-08
2020-05-12T190149,Washington-03/15/2020,2020-03-14,Washington,Florida,0,0,0,9,0,9,0,0,1,6447,2020-03-08
2020-05-12T190149,Alachua-03/22/2020,2020-03-21,Alachua,Florida,0,0,0,679,38,717,0.052998605,5.314685315,33,6448,2020-03-15
2020-05-12T190149,Baker-03/22/2020,2020-03-21,Baker,Florida,0,0,0,37,6,43,0.139534884,13.95348837,6,6449,2020-03-15
2020-05-12T190149,Bay-03/22/2020,2020-03-21,Bay,Florida,0,0,0,71,5,76,0.065789474,6.666666667,10,6450,2020-03-15
2020-05-12T190149,Bradford-03/22/2020,2020-03-21,Bradford,Florida,0,0,0,40,1,41,0.024390244,2.43902439,4,6451,2020-03-15
2020-05-12T190149,Brevard-03/22/2020,2020-03-21,Brevard,Florida,0,0,0,372,20,392,0.051020408,5.102040816,44,6452,2020-03-15
2020-05-12T190149,Broward-03/22/2020,2020-03-21,Broward,Florida,16,0,0,5704,599,6303,0.095034111,9.483032033,898,6453,2020-03-15
2020-05-12T190149,Calhoun-03/22/2020,2020-03-21,Calhoun,Florida,0,0,0,9,0,9,0,0,3,6454,2020-03-15
2020-05-12T190149,Charlotte-03/22/2020,2020-03-21,Charlotte,Florida,0,0,0,149,14,163,0.085889571,8.588957055,42,6455,2020-03-15
2020-05-12T190149,Citrus-03/22/2020,2020-03-21,Citrus,Florida,1,0,0,135,7,142,0.049295775,4.895104895,15,6456,2020-03-15
2020-05-12T190149,Clay-03/22/2020,2020-03-21,Clay,Florida,2,0,0,223,20,243,0.082304527,8.230452675,37,6457,2020-03-15
2020-05-12T190149,Collier-03/22/2020,2020-03-21,Collier,Florida,1,0,0,663,53,716,0.074022346,7.402234637,83,6458,2020-03-15
2020-05-12T190149,Columbia-03/22/2020,2020-03-21,Columbia,Florida,0,0,0,71,2,73,0.02739726,2.739726027,9,6459,2020-03-15
2020-05-12T190149,Dade-03/22/2020,2020-03-21,Dade,Florida,12,0,0,4901,967,5868,0.164792093,16.47959184,2085,6460,2020-03-15
2020-05-12T190149,Desoto-03/22/2020,2020-03-21,Desoto,Florida,1,0,0,42,7,49,0.142857143,14.28571429,4,6461,2020-03-15
2020-05-12T190149,Dixie-03/22/2020,2020-03-21,Dixie,Florida,0,0,0,23,0,23,0,0,1,6462,2020-03-15
2020-05-12T190149,Duval-03/22/2020,2020-03-21,Duval,Florida,4,0,0,1581,80,1661,0.048163757,4.870715574,156,6463,2020-03-15
2020-05-12T190149,Escambia-03/22/2020,2020-03-21,Escambia,Florida,0,0,0,461,27,488,0.055327869,5.521472393,57,6464,2020-03-15
2020-05-12T190149,Flagler-03/22/2020,2020-03-21,Flagler,Florida,0,0,0,101,14,115,0.12173913,12.17391304,11,6465,2020-03-15
2020-05-12T190149,Franklin-03/22/2020,2020-03-21,Franklin,Florida,0,0,0,13,0,13,0,0,0,6466,2020-03-15
2020-05-12T190149,Gadsden-03/22/2020,2020-03-21,Gadsden,Florida,0,0,0,24,0,24,0,0,2,6467,2020-03-15
2020-05-12T190149,Gilchrist-03/22/2020,2020-03-21,Gilchrist,Florida,0,0,0,25,0,25,0,0,1,6468,2020-03-15
2020-05-12T190149,Glades-03/22/2020,2020-03-21,Glades,Florida,0,0,0,4,0,4,0,0,2,6469,2020-03-15
2020-05-12T190149,Gulf-03/22/2020,2020-03-21,Gulf,Florida,0,0,0,28,0,28,0,0,0,6470,2020-03-15
2020-05-12T190149,Hamilton-03/22/2020,2020-03-21,Hamilton,Florida,0,0,0,14,0,14,0,0,0,6471,2020-03-15
2020-05-12T190149,Hardee-03/22/2020,2020-03-21,Hardee,Florida,0,0,0,8,0,8,0,0,1,6472,2020-03-15
2020-05-12T190149,Hendry-03/22/2020,2020-03-21,Hendry,Florida,0,0,0,31,1,32,0.03125,3.125,4,6473,2020-03-15
2020-05-12T190149,Hernando-03/22/2020,2020-03-21,Hernando,Florida,0,0,0,164,9,173,0.052023121,5.202312139,17,6474,2020-03-15
2020-05-12T190149,Highlands-03/22/2020,2020-03-21,Highlands,Florida,0,0,0,40,10,50,0.2,20,14,6475,2020-03-15
2020-05-12T190149,Hillsborough-03/22/2020,2020-03-21,Hillsborough,Florida,2,0,0,2298,155,2453,0.063187933,6.341463415,224,6476,2020-03-15
2020-05-12T190149,Holmes-03/22/2020,2020-03-21,Holmes,Florida,0,0,0,20,0,20,0,0,0,6477,2020-03-15
2020-05-12T190149,Indian River-03/22/2020,2020-03-21,Indian River,Florida,0,0,0,152,8,160,0.05,4.968944099,15,6478,2020-03-15
2020-05-12T190149,Jackson-03/22/2020,2020-03-21,Jackson,Florida,0,0,0,52,0,52,0,0,3,6479,2020-03-15
2020-05-12T190149,Jefferson-03/22/2020,2020-03-21,Jefferson,Florida,0,0,0,10,0,10,0,0,3,6480,2020-03-15
2020-05-12T190149,Lafayette-03/22/2020,2020-03-21,Lafayette,Florida,0,0,0,7,0,7,0,0,0,6481,2020-03-15
2020-05-12T190149,Lake-03/22/2020,2020-03-21,Lake,Florida,0,0,0,713,27,740,0.036486486,3.648648649,53,6482,2020-03-15
2020-05-12T190149,Lee-03/22/2020,2020-03-21,Lee,Florida,4,0,0,1138,100,1238,0.080775444,8.064516129,140,6483,2020-03-15
2020-05-12T190149,Leon-03/22/2020,2020-03-21,Leon,Florida,0,0,0,334,11,345,0.031884058,3.188405797,21,6484,2020-03-15
2020-05-12T190149,Levy-03/22/2020,2020-03-21,Levy,Florida,0,0,0,56,1,57,0.01754386,1.754385965,1,6485,2020-03-15
2020-05-12T190149,Liberty-03/22/2020,2020-03-21,Liberty,Florida,0,0,0,2,0,2,0,0,0,6486,2020-03-15
2020-05-12T190149,Madison-03/22/2020,2020-03-21,Madison,Florida,0,0,0,18,0,18,0,0,4,6487,2020-03-15
2020-05-12T190149,Manatee-03/22/2020,2020-03-21,Manatee,Florida,1,0,0,179,20,199,0.100502513,10.05025126,59,6488,2020-03-15
2020-05-12T190149,Marion-03/22/2020,2020-03-21,Marion,Florida,0,0,0,357,15,372,0.040322581,4.032258065,40,6489,2020-03-15
2020-05-12T190149,Martin-03/22/2020,2020-03-21,Martin,Florida,0,0,0,181,25,206,0.121359223,12.13592233,39,6490,2020-03-15
2020-05-12T190149,Monroe-03/22/2020,2020-03-21,Monroe,Florida,0,0,0,90,18,108,0.166666667,16.66666667,19,6491,2020-03-15
2020-05-12T190149,Nassau-03/22/2020,2020-03-21,Nassau,Florida,0,0,0,77,6,83,0.072289157,7.228915663,10,6492,2020-03-15
2020-05-12T190149,Okaloosa-03/22/2020,2020-03-21,Okaloosa,Florida,0,0,0,125,16,141,0.113475177,11.34751773,15,6493,2020-03-15
2020-05-12T190149,Okeechobee-03/22/2020,2020-03-21,Okeechobee,Florida,0,0,0,30,0,30,0,0,2,6494,2020-03-15
2020-05-12T190149,Orange-03/22/2020,2020-03-21,Orange,Florida,1,0,0,1901,169,2070,0.081642512,8.293153327,289,6495,2020-03-15
2020-05-12T190149,Osceola-03/22/2020,2020-03-21,Osceola,Florida,1,0,0,307,59,366,0.161202186,16.20879121,87,6496,2020-03-15
2020-05-12T190149,Palm Beach-03/22/2020,2020-03-21,Palm Beach,Florida,23,0,0,1314,261,1575,0.165714286,16.4661178,249,6497,2020-03-15
2020-05-12T190149,Pasco-03/22/2020,2020-03-21,Pasco,Florida,2,0,0,586,26,612,0.04248366,4.248366013,52,6498,2020-03-15
2020-05-12T190149,Pinellas-03/22/2020,2020-03-21,Pinellas,Florida,6,0,0,1489,69,1558,0.044287548,4.420243434,105,6499,2020-03-15
2020-05-12T190149,Polk-03/22/2020,2020-03-21,Polk,Florida,1,0,0,497,29,526,0.05513308,5.513307985,78,6500,2020-03-15
2020-05-12T190149,Putnam-03/22/2020,2020-03-21,Putnam,Florida,0,0,0,156,11,167,0.065868263,6.50887574,6,6501,2020-03-15
2020-05-12T190149,Santa Rosa-03/22/2020,2020-03-21,Santa Rosa,Florida,0,0,0,181,17,198,0.085858586,8.585858586,37,6502,2020-03-15
2020-05-12T190149,Sarasota-03/22/2020,2020-03-21,Sarasota,Florida,3,0,0,390,32,422,0.075829384,7.56501182,76,6503,2020-03-15
2020-05-12T190149,Seminole-03/22/2020,2020-03-21,Seminole,Florida,0,0,0,654,60,714,0.084033613,8.134642356,77,6504,2020-03-15
2020-05-12T190149,St. Johns-03/22/2020,2020-03-21,St. Johns,Florida,2,0,0,464,39,503,0.077534791,7.753479125,59,6505,2020-03-15
2020-05-12T190149,St. Lucie-03/22/2020,2020-03-21,St. Lucie,Florida,2,0,0,249,19,268,0.070895522,7.089552239,38,6506,2020-03-15
2020-05-12T190149,Sumter-03/22/2020,2020-03-21,Sumter,Florida,0,0,0,496,38,534,0.071161049,7.116104869,38,6507,2020-03-15
2020-05-12T190149,Suwannee-03/22/2020,2020-03-21,Suwannee,Florida,0,0,0,38,1,39,0.025641026,2.564102564,7,6508,2020-03-15
2020-05-12T190149,Taylor-03/22/2020,2020-03-21,Taylor,Florida,0,0,0,24,0,24,0,0,0,6509,2020-03-15
2020-05-12T190149,Union-03/22/2020,2020-03-21,Union,Florida,0,0,0,19,0,19,0,0,1,6510,2020-03-15
2020-05-12T190149,Unknown-03/22/2020,2020-03-21,Unknown,Florida,0,0,0,6,0,6,0,0,0,6511,2020-03-15
2020-05-12T190149,Volusia-03/22/2020,2020-03-21,Volusia,Florida,1,0,0,449,38,487,0.078028747,7.818930041,66,6512,2020-03-15
2020-05-12T190149,Wakulla-03/22/2020,2020-03-21,Wakulla,Florida,0,0,0,30,0,30,0,0,1,6513,2020-03-15
2020-05-12T190149,Walton-03/22/2020,2020-03-21,Walton,Florida,0,0,0,66,5,71,0.070422535,7.042253521,5,6514,2020-03-15
2020-05-12T190149,Washington-03/22/2020,2020-03-21,Washington,Florida,0,0,0,19,1,20,0.05,5,1,6515,2020-03-15
2020-05-12T190149,Alachua-03/29/2020,2020-03-28,Alachua,Florida,0,52,48,998,49,1047,0.046800382,4.671115348,41,6516,2020-03-22
2020-05-12T190149,Baker-03/29/2020,2020-03-28,Baker,Florida,0,9,13,77,5,82,0.06097561,6.097560976,5,6517,2020-03-22
2020-05-12T190149,Bay-03/29/2020,2020-03-28,Bay,Florida,1,34,29,164,17,181,0.093922652,9.392265193,11,6518,2020-03-22
2020-05-12T190149,Bradford-03/29/2020,2020-03-28,Bradford,Florida,0,7,10,71,6,77,0.077922078,7.792207792,8,6519,2020-03-22
2020-05-12T190149,Brevard-03/29/2020,2020-03-28,Brevard,Florida,0,134,152,705,44,749,0.058744993,5.874499332,57,6520,2020-03-22
2020-05-12T190149,Broward-03/29/2020,2020-03-28,Broward,Florida,31,596,565,7634,980,8614,0.113768284,11.33147762,891,6521,2020-03-22
2020-05-12T190149,Calhoun-03/29/2020,2020-03-28,Calhoun,Florida,0,3,1,17,3,20,0.15,15,2,6522,2020-03-22
2020-05-12T190149,Charlotte-03/29/2020,2020-03-28,Charlotte,Florida,3,22,32,306,29,335,0.086567164,8.630952381,36,6523,2020-03-22
2020-05-12T190149,Citrus-03/29/2020,2020-03-28,Citrus,Florida,1,50,33,302,25,327,0.076452599,7.645259939,19,6524,2020-03-22
2020-05-12T190149,Clay-03/29/2020,2020-03-28,Clay,Florida,2,33,50,706,55,761,0.072273325,7.095926413,39,6525,2020-03-22
2020-05-12T190149,Collier-03/29/2020,2020-03-28,Collier,Florida,1,85,110,1097,103,1200,0.085833333,8.569051581,84,6526,2020-03-22
2020-05-12T190149,Columbia-03/29/2020,2020-03-28,Columbia,Florida,0,39,40,134,8,142,0.056338028,5.633802817,8,6527,2020-03-22
2020-05-12T190149,Dade-03/29/2020,2020-03-28,Dade,Florida,63,1330,1475,11892,2700,14592,0.185032895,18.49801831,2399,6528,2020-03-22
2020-05-12T190149,Desoto-03/29/2020,2020-03-28,Desoto,Florida,1,0,0,105,4,109,0.036697248,3.669724771,5,6529,2020-03-22
2020-05-12T190149,Dixie-03/29/2020,2020-03-28,Dixie,Florida,0,4,5,34,1,35,0.028571429,2.857142857,2,6530,2020-03-22
2020-05-12T190149,Duval-03/29/2020,2020-03-28,Duval,Florida,4,139,250,4748,263,5011,0.052484534,5.377414858,190,6531,2020-03-22
2020-05-12T190149,Escambia-03/29/2020,2020-03-28,Escambia,Florida,1,70,59,976,87,1063,0.081843838,8.262910798,57,6532,2020-03-22
2020-05-12T190149,Flagler-03/29/2020,2020-03-28,Flagler,Florida,1,23,36,219,15,234,0.064102564,6.41025641,14,6533,2020-03-22
2020-05-12T190149,Franklin-03/29/2020,2020-03-28,Franklin,Florida,0,2,2,12,1,13,0.076923077,7.692307692,1,6534,2020-03-22
2020-05-12T190149,Gadsden-03/29/2020,2020-03-28,Gadsden,Florida,0,8,5,37,3,40,0.075,7.5,11,6535,2020-03-22
2020-05-12T190149,Gilchrist-03/29/2020,2020-03-28,Gilchrist,Florida,0,1,1,33,0,33,0,0,1,6536,2020-03-22
2020-05-12T190149,Glades-03/29/2020,2020-03-28,Glades,Florida,1,0,2,6,4,10,0.4,40,1,6537,2020-03-22
2020-05-12T190149,Gulf-03/29/2020,2020-03-28,Gulf,Florida,0,0,1,18,1,19,0.052631579,5.263157895,0,6538,2020-03-22
2020-05-12T190149,Hamilton-03/29/2020,2020-03-28,Hamilton,Florida,0,4,3,26,0,26,0,0,1,6539,2020-03-22
2020-05-12T190149,Hardee-03/29/2020,2020-03-28,Hardee,Florida,0,11,15,27,1,28,0.035714286,3.571428571,0,6540,2020-03-22
2020-05-12T190149,Hendry-03/29/2020,2020-03-28,Hendry,Florida,0,20,18,77,6,83,0.072289157,7.317073171,9,6541,2020-03-22
2020-05-12T190149,Hernando-03/29/2020,2020-03-28,Hernando,Florida,0,42,74,367,25,392,0.06377551,6.37755102,15,6542,2020-03-22
2020-05-12T190149,Highlands-03/29/2020,2020-03-28,Highlands,Florida,3,48,60,168,23,191,0.120418848,12.5,24,6543,2020-03-22
2020-05-12T190149,Hillsborough-03/29/2020,2020-03-28,Hillsborough,Florida,7,284,397,4183,293,4476,0.065460232,6.535801918,178,6544,2020-03-22
2020-05-12T190149,Holmes-03/29/2020,2020-03-28,Holmes,Florida,0,6,11,28,1,29,0.034482759,3.448275862,2,6545,2020-03-22
2020-05-12T190149,Indian River-03/29/2020,2020-03-28,Indian River,Florida,0,22,13,366,32,398,0.08040201,8,11,6546,2020-03-22
2020-05-12T190149,Jackson-03/29/2020,2020-03-28,Jackson,Florida,0,9,5,44,3,47,0.063829787,6.382978723,1,6547,2020-03-22
2020-05-12T190149,Jefferson-03/29/2020,2020-03-28,Jefferson,Florida,0,3,3,13,1,14,0.071428571,7.142857143,7,6548,2020-03-22
2020-05-12T190149,Lafayette-03/29/2020,2020-03-28,Lafayette,Florida,0,3,4,14,0,14,0,0,1,6549,2020-03-22
2020-05-12T190149,Lake-03/29/2020,2020-03-28,Lake,Florida,2,106,120,983,60,1043,0.057526366,5.6621881,40,6550,2020-03-22
2020-05-12T190149,Lee-03/29/2020,2020-03-28,Lee,Florida,3,207,104,2096,218,2314,0.094209162,9.495036685,176,6551,2020-03-22
2020-05-12T190149,Leon-03/29/2020,2020-03-28,Leon,Florida,0,27,18,535,25,560,0.044642857,4.464285714,21,6552,2020-03-22
2020-05-12T190149,Levy-03/29/2020,2020-03-28,Levy,Florida,0,10,11,76,1,77,0.012987013,1.298701299,5,6553,2020-03-22
2020-05-12T190149,Liberty-03/29/2020,2020-03-28,Liberty,Florida,0,2,3,7,0,7,0,0,2,6554,2020-03-22
2020-05-12T190149,Madison-03/29/2020,2020-03-28,Madison,Florida,0,3,4,24,6,30,0.2,20,9,6555,2020-03-22
2020-05-12T190149,Manatee-03/29/2020,2020-03-28,Manatee,Florida,5,100,133,489,101,590,0.171186441,17.20067454,80,6556,2020-03-22
2020-05-12T190149,Marion-03/29/2020,2020-03-28,Marion,Florida,0,117,112,550,26,576,0.045138889,4.513888889,28,6557,2020-03-22
2020-05-12T190149,Martin-03/29/2020,2020-03-28,Martin,Florida,0,18,33,378,35,413,0.084745763,8.474576271,21,6558,2020-03-22
2020-05-12T190149,Monroe-03/29/2020,2020-03-28,Monroe,Florida,2,12,12,225,17,242,0.070247934,7.024793388,9,6559,2020-03-22
2020-05-12T190149,Nassau-03/29/2020,2020-03-28,Nassau,Florida,0,20,32,275,16,291,0.054982818,5.172413793,7,6560,2020-03-22
2020-05-12T190149,Okaloosa-03/29/2020,2020-03-28,Okaloosa,Florida,1,40,38,242,29,271,0.10701107,10.70110701,29,6561,2020-03-22
2020-05-12T190149,Okeechobee-03/29/2020,2020-03-28,Okeechobee,Florida,0,11,12,59,2,61,0.032786885,3.225806452,1,6562,2020-03-22
2020-05-12T190149,Orange-03/29/2020,2020-03-28,Orange,Florida,6,288,276,4194,406,4600,0.08826087,8.974636896,228,6563,2020-03-22
2020-05-12T190149,Osceola-03/29/2020,2020-03-28,Osceola,Florida,3,108,109,835,136,971,0.140061792,13.93442623,81,6564,2020-03-22
2020-05-12T190149,Palm Beach-03/29/2020,2020-03-28,Palm Beach,Florida,43,303,462,2868,633,3501,0.180805484,18.04725306,639,6565,2020-03-22
2020-05-12T190149,Pasco-03/29/2020,2020-03-28,Pasco,Florida,0,120,171,1392,55,1447,0.038009675,3.800967519,48,6566,2020-03-22
2020-05-12T190149,Pinellas-03/29/2020,2020-03-28,Pinellas,Florida,2,206,233,3942,206,4148,0.049662488,4.95788207,83,6567,2020-03-22
2020-05-12T190149,Polk-03/29/2020,2020-03-28,Polk,Florida,4,203,266,1473,107,1580,0.067721519,6.696146557,77,6568,2020-03-22
2020-05-12T190149,Putnam-03/29/2020,2020-03-28,Putnam,Florida,1,12,13,285,6,291,0.020618557,2.389078498,13,6569,2020-03-22
2020-05-12T190149,Santa Rosa-03/29/2020,2020-03-28,Santa Rosa,Florida,1,45,24,376,30,406,0.073891626,7.389162562,27,6570,2020-03-22
2020-05-12T190149,Sarasota-03/29/2020,2020-03-28,Sarasota,Florida,4,74,103,536,79,615,0.128455285,12.70358306,57,6571,2020-03-22
2020-05-12T190149,Seminole-03/29/2020,2020-03-28,Seminole,Florida,1,85,99,1021,105,1126,0.093250444,9.325044405,66,6572,2020-03-22
2020-05-12T190149,St. Johns-03/29/2020,2020-03-28,St. Johns,Florida,0,38,71,1285,85,1370,0.062043796,6.131386861,26,6573,2020-03-22
2020-05-12T190149,St. Lucie-03/29/2020,2020-03-28,St. Lucie,Florida,1,88,89,646,57,703,0.081081081,8.380681818,30,6574,2020-03-22
2020-05-12T190149,Sumter-03/29/2020,2020-03-28,Sumter,Florida,6,21,36,285,35,320,0.109375,10.9375,15,6575,2020-03-22
2020-05-12T190149,Suwannee-03/29/2020,2020-03-28,Suwannee,Florida,0,29,34,88,17,105,0.161904762,16.19047619,51,6576,2020-03-22
2020-05-12T190149,Taylor-03/29/2020,2020-03-28,Taylor,Florida,0,2,2,18,0,18,0,0,0,6577,2020-03-22
2020-05-12T190149,Union-03/29/2020,2020-03-28,Union,Florida,0,8,10,32,1,33,0.03030303,3.03030303,0,6578,2020-03-22
2020-05-12T190149,Unknown-03/29/2020,2020-03-28,Unknown,Florida,0,224,246,11,0,11,0,0,0,6579,2020-03-22
2020-05-12T190149,Unknown-03/29/2020,2020-03-28,Unknown,Florida,0,6,7,11,0,11,0,0,0,6580,2020-03-22
2020-05-12T190149,Volusia-03/29/2020,2020-03-28,Volusia,Florida,1,129,158,756,87,843,0.103202847,10.29585799,63,6581,2020-03-22
2020-05-12T190149,Wakulla-03/29/2020,2020-03-28,Wakulla,Florida,0,8,4,53,6,59,0.101694915,10.16949153,4,6582,2020-03-22
2020-05-12T190149,Walton-03/29/2020,2020-03-28,Walton,Florida,0,9,9,67,8,75,0.106666667,10.66666667,6,6583,2020-03-22
2020-05-12T190149,Washington-03/29/2020,2020-03-28,Washington,Florida,0,6,4,39,0,39,0,0,0,6584,2020-03-22
2020-05-12T190149,Alachua-04/05/2020,2020-04-04,Alachua,Florida,0,34,48,1626,57,1683,0.033868093,3.360849057,47,6585,2020-03-29
2020-05-12T190149,Baker-04/05/2020,2020-04-04,Baker,Florida,2,3,4,88,5,93,0.053763441,5.376344086,0,6586,2020-03-29
2020-05-12T190149,Bay-04/05/2020,2020-04-04,Bay,Florida,0,13,17,240,13,253,0.051383399,5.118110236,11,6587,2020-03-29
2020-05-12T190149,Bradford-04/05/2020,2020-04-04,Bradford,Florida,0,9,14,128,21,149,0.140939597,13.90728477,21,6588,2020-03-29
2020-05-12T190149,Brevard-04/05/2020,2020-04-04,Brevard,Florida,3,63,80,1240,50,1290,0.03875969,3.86996904,49,6589,2020-03-29
2020-05-12T190149,Broward-04/05/2020,2020-04-04,Broward,Florida,42,409,454,6570,1015,7585,0.133816744,13.29822251,864,6590,2020-03-29
2020-05-12T190149,Calhoun-04/05/2020,2020-04-04,Calhoun,Florida,0,1,3,27,2,29,0.068965517,6.896551724,1,6591,2020-03-29
2020-05-12T190149,Charlotte-04/05/2020,2020-04-04,Charlotte,Florida,6,8,36,436,65,501,0.129740519,13.24110672,49,6592,2020-03-29
2020-05-12T190149,Citrus-04/05/2020,2020-04-04,Citrus,Florida,4,35,22,371,26,397,0.065491184,6.532663317,13,6593,2020-03-29
2020-05-12T190149,Clay-04/05/2020,2020-04-04,Clay,Florida,3,9,40,906,82,988,0.082995951,8.20668693,70,6594,2020-03-29
2020-05-12T190149,Collier-04/05/2020,2020-04-04,Collier,Florida,4,60,78,1066,111,1177,0.094307562,9.422750424,81,6595,2020-03-29
2020-05-12T190149,Columbia-04/05/2020,2020-04-04,Columbia,Florida,0,23,24,165,11,176,0.0625,5.813953488,13,6596,2020-03-29
2020-05-12T190149,Dade-04/05/2020,2020-04-04,Dade,Florida,95,803,1082,13813,2740,16553,0.165528907,16.63057861,2066,6597,2020-03-29
2020-05-12T190149,Desoto-04/05/2020,2020-04-04,Desoto,Florida,1,0,0,126,9,135,0.066666667,6.666666667,4,6598,2020-03-29
2020-05-12T190149,Dixie-04/05/2020,2020-04-04,Dixie,Florida,0,2,3,48,1,49,0.020408163,2.040816327,2,6599,2020-03-29
2020-05-12T190149,Duval-04/05/2020,2020-04-04,Duval,Florida,4,95,163,5678,243,5921,0.041040365,4.198280223,177,6600,2020-03-29
2020-05-12T190149,Escambia-04/05/2020,2020-04-04,Escambia,Florida,2,51,55,1923,84,2007,0.041853513,4.233067729,85,6601,2020-03-29
2020-05-12T190149,Flagler-04/05/2020,2020-04-04,Flagler,Florida,1,18,24,258,14,272,0.051470588,4.779411765,11,6602,2020-03-29
2020-05-12T190149,Franklin-04/05/2020,2020-04-04,Franklin,Florida,0,0,0,22,0,22,0,0,0,6603,2020-03-29
2020-05-12T190149,Gadsden-04/05/2020,2020-04-04,Gadsden,Florida,0,10,4,80,12,92,0.130434783,13.04347826,19,6604,2020-03-29
2020-05-12T190149,Gilchrist-04/05/2020,2020-04-04,Gilchrist,Florida,0,3,2,50,3,53,0.056603774,5.660377358,1,6605,2020-03-29
2020-05-12T190149,Glades-04/05/2020,2020-04-04,Glades,Florida,0,0,0,18,0,18,0,0,1,6606,2020-03-29
2020-05-12T190149,Gulf-04/05/2020,2020-04-04,Gulf,Florida,0,3,1,37,0,37,0,0,0,6607,2020-03-29
2020-05-12T190149,Hamilton-04/05/2020,2020-04-04,Hamilton,Florida,0,5,3,31,2,33,0.060606061,6.060606061,3,6608,2020-03-29
2020-05-12T190149,Hardee-04/05/2020,2020-04-04,Hardee,Florida,0,5,4,26,0,26,0,0,2,6609,2020-03-29
2020-05-12T190149,Hendry-04/05/2020,2020-04-04,Hendry,Florida,0,14,10,69,11,80,0.1375,13.75,17,6610,2020-03-29
2020-05-12T190149,Hernando-04/05/2020,2020-04-04,Hernando,Florida,2,39,71,404,24,428,0.056074766,5.594405594,11,6611,2020-03-29
2020-05-12T190149,Highlands-04/05/2020,2020-04-04,Highlands,Florida,1,34,54,168,19,187,0.101604278,10.16042781,11,6612,2020-03-29
2020-05-12T190149,Hillsborough-04/05/2020,2020-04-04,Hillsborough,Florida,8,240,303,3759,224,3983,0.056239016,5.587572037,135,6613,2020-03-29
2020-05-12T190149,Holmes-04/05/2020,2020-04-04,Holmes,Florida,0,1,4,36,1,37,0.027027027,2.702702703,1,6614,2020-03-29
2020-05-12T190149,Indian River-04/05/2020,2020-04-04,Indian River,Florida,1,18,13,338,20,358,0.055865922,5.849582173,8,6615,2020-03-29
2020-05-12T190149,Jackson-04/05/2020,2020-04-04,Jackson,Florida,0,8,8,77,2,79,0.025316456,2.53164557,5,6616,2020-03-29
2020-05-12T190149,Jefferson-04/05/2020,2020-04-04,Jefferson,Florida,1,1,1,28,10,38,0.263157895,26.31578947,6,6617,2020-03-29
2020-05-12T190149,Lafayette-04/05/2020,2020-04-04,Lafayette,Florida,0,0,1,13,1,14,0.071428571,7.142857143,0,6618,2020-03-29
2020-05-12T190149,Lake-04/05/2020,2020-04-04,Lake,Florida,2,81,112,855,50,905,0.055248619,5.518763797,26,6619,2020-03-29
2020-05-12T190149,Lee-04/05/2020,2020-04-04,Lee,Florida,7,138,100,1666,223,1889,0.118051879,11.98521647,142,6620,2020-03-29
2020-05-12T190149,Leon-04/05/2020,2020-04-04,Leon,Florida,0,17,13,697,70,767,0.091264668,9.079118029,84,6621,2020-03-29
2020-05-12T190149,Levy-04/05/2020,2020-04-04,Levy,Florida,0,7,6,110,5,115,0.043478261,4.273504274,3,6622,2020-03-29
2020-05-12T190149,Liberty-04/05/2020,2020-04-04,Liberty,Florida,0,2,2,12,1,13,0.076923077,7.692307692,0,6623,2020-03-29
2020-05-12T190149,Madison-04/05/2020,2020-04-04,Madison,Florida,0,0,0,50,7,57,0.122807018,12.28070175,3,6624,2020-03-29
2020-05-12T190149,Manatee-04/05/2020,2020-04-04,Manatee,Florida,19,59,98,570,88,658,0.133738602,13.18181818,125,6625,2020-03-29
2020-05-12T190149,Marion-04/05/2020,2020-04-04,Marion,Florida,3,77,80,708,46,754,0.061007958,6.108897742,28,6626,2020-03-29
2020-05-12T190149,Martin-04/05/2020,2020-04-04,Martin,Florida,3,14,24,402,53,455,0.116483516,11.84210526,28,6627,2020-03-29
2020-05-12T190149,Monroe-04/05/2020,2020-04-04,Monroe,Florida,1,12,15,237,16,253,0.063241107,6.324110672,5,6628,2020-03-29
2020-05-12T190149,Nassau-04/05/2020,2020-04-04,Nassau,Florida,0,12,18,296,11,307,0.035830619,3.571428571,5,6629,2020-03-29
2020-05-12T190149,Okaloosa-04/05/2020,2020-04-04,Okaloosa,Florida,0,24,17,635,33,668,0.049401198,4.932735426,37,6630,2020-03-29
2020-05-12T190149,Okeechobee-04/05/2020,2020-04-04,Okeechobee,Florida,0,6,9,87,2,89,0.02247191,2.247191011,0,6631,2020-03-29
2020-05-12T190149,Orange-04/05/2020,2020-04-04,Orange,Florida,6,142,157,3378,261,3639,0.071723001,7.164424925,195,6632,2020-03-29
2020-05-12T190149,Osceola-04/05/2020,2020-04-04,Osceola,Florida,1,72,73,869,97,966,0.100414079,10.20618557,75,6633,2020-03-29
2020-05-12T190149,Palm Beach-04/05/2020,2020-04-04,Palm Beach,Florida,41,210,366,4264,591,4855,0.121730175,12.20858896,603,6634,2020-03-29
2020-05-12T190149,Pasco-04/05/2020,2020-04-04,Pasco,Florida,1,95,126,1147,61,1208,0.050496689,4.962779156,35,6635,2020-03-29
2020-05-12T190149,Pinellas-04/05/2020,2020-04-04,Pinellas,Florida,5,136,165,2539,109,2648,0.041163142,4.110105581,86,6636,2020-03-29
2020-05-12T190149,Polk-04/05/2020,2020-04-04,Polk,Florida,3,118,210,1570,94,1664,0.056490385,5.642256903,55,6637,2020-03-29
2020-05-12T190149,Putnam-04/05/2020,2020-04-04,Putnam,Florida,0,17,18,270,15,285,0.052631579,5.555555556,20,6638,2020-03-29
2020-05-12T190149,Santa Rosa-04/05/2020,2020-04-04,Santa Rosa,Florida,1,31,32,889,57,946,0.0602537,6.025369979,22,6639,2020-03-29
2020-05-12T190149,Sarasota-04/05/2020,2020-04-04,Sarasota,Florida,6,49,76,917,87,1004,0.086653386,8.565737052,33,6640,2020-03-29
2020-05-12T190149,Seminole-04/05/2020,2020-04-04,Seminole,Florida,1,65,68,919,72,991,0.072653885,7.171717172,51,6641,2020-03-29
2020-05-12T190149,St. Johns-04/05/2020,2020-04-04,St. Johns,Florida,0,29,57,1256,35,1291,0.027110767,2.635658915,11,6642,2020-03-29
2020-05-12T190149,St. Lucie-04/05/2020,2020-04-04,St. Lucie,Florida,3,37,57,738,68,806,0.084367246,8.426270136,48,6643,2020-03-29
2020-05-12T190149,Sumter-04/05/2020,2020-04-04,Sumter,Florida,4,22,30,200,34,234,0.145299145,14.52991453,20,6644,2020-03-29
2020-05-12T190149,Suwannee-04/05/2020,2020-04-04,Suwannee,Florida,1,23,24,116,50,166,0.301204819,30.53892216,26,6645,2020-03-29
2020-05-12T190149,Taylor-04/05/2020,2020-04-04,Taylor,Florida,0,3,3,72,1,73,0.01369863,1.351351351,0,6646,2020-03-29
2020-05-12T190149,Union-04/05/2020,2020-04-04,Union,Florida,0,5,5,46,1,47,0.021276596,2.173913043,1,6647,2020-03-29
2020-05-12T190149,Unknown-04/05/2020,2020-04-04,Unknown,Florida,0,174,192,9,0,9,0,0,0,6648,2020-03-29
2020-05-12T190149,Unknown-04/05/2020,2020-04-04,Unknown,Florida,0,5,3,9,0,9,0,0,0,6649,2020-03-29
2020-05-12T190149,Volusia-04/05/2020,2020-04-04,Volusia,Florida,6,92,122,860,51,911,0.055982437,5.585980285,47,6650,2020-03-29
2020-05-12T190149,Wakulla-04/05/2020,2020-04-04,Wakulla,Florida,0,4,3,74,1,75,0.013333333,1.333333333,1,6651,2020-03-29
2020-05-12T190149,Walton-04/05/2020,2020-04-04,Walton,Florida,0,6,8,140,6,146,0.04109589,4.109589041,4,6652,2020-03-29
2020-05-12T190149,Washington-04/05/2020,2020-04-04,Washington,Florida,0,0,2,37,3,40,0.075,7.5,3,6653,2020-03-29
2020-05-12T190149,Alachua-04/12/2020,2020-04-11,Alachua,Florida,0,31,48,1302,24,1326,0.018099548,1.807228916,23,6654,2020-04-05
2020-05-12T190149,Baker-04/12/2020,2020-04-11,Baker,Florida,1,5,7,54,0,54,0,0,3,6655,2020-04-05
2020-05-12T190149,Bay-04/12/2020,2020-04-11,Bay,Florida,1,16,15,282,19,301,0.063122924,6.312292359,9,6656,2020-04-05
2020-05-12T190149,Bradford-04/12/2020,2020-04-11,Bradford,Florida,2,1,8,357,14,371,0.037735849,3.773584906,8,6657,2020-04-05
2020-05-12T190149,Brevard-04/12/2020,2020-04-11,Brevard,Florida,4,54,69,3062,83,3145,0.026391097,2.637432475,37,6658,2020-04-05
2020-05-12T190149,Broward-04/12/2020,2020-04-11,Broward,Florida,49,277,367,8533,990,9523,0.103958837,10.24727578,703,6659,2020-04-05
2020-05-12T190149,Calhoun-04/12/2020,2020-04-11,Calhoun,Florida,0,2,1,25,1,26,0.038461538,3.846153846,1,6660,2020-04-05
2020-05-12T190149,Charlotte-04/12/2020,2020-04-11,Charlotte,Florida,9,11,22,318,25,343,0.072886297,6.997084548,44,6661,2020-04-05
2020-05-12T190149,Citrus-04/12/2020,2020-04-11,Citrus,Florida,2,29,22,334,16,350,0.045714286,4.545454545,11,6662,2020-04-05
2020-05-12T190149,Clay-04/12/2020,2020-04-11,Clay,Florida,3,14,30,767,63,830,0.075903614,7.553956835,52,6663,2020-04-05
2020-05-12T190149,Collier-04/12/2020,2020-04-11,Collier,Florida,5,55,71,778,102,880,0.115909091,11.65158371,71,6664,2020-04-05
2020-05-12T190149,Columbia-04/12/2020,2020-04-11,Columbia,Florida,0,13,12,139,15,154,0.097402597,9.74025974,10,6665,2020-04-05
2020-05-12T190149,Dade-04/12/2020,2020-04-11,Dade,Florida,80,645,901,14130,2224,16354,0.135991195,13.66923965,1775,6666,2020-04-05
2020-05-12T190149,Desoto-04/12/2020,2020-04-11,Desoto,Florida,1,0,0,131,4,135,0.02962963,2.962962963,4,6667,2020-04-05
2020-05-12T190149,Dixie-04/12/2020,2020-04-11,Dixie,Florida,0,1,3,45,1,46,0.02173913,2.173913043,1,6668,2020-04-05
2020-05-12T190149,Duval-04/12/2020,2020-04-11,Duval,Florida,3,59,150,4175,174,4349,0.040009198,4.216315307,106,6669,2020-04-05
2020-05-12T190149,Escambia-04/12/2020,2020-04-11,Escambia,Florida,5,35,40,874,85,959,0.088633994,8.799171843,54,6670,2020-04-05
2020-05-12T190149,Flagler-04/12/2020,2020-04-11,Flagler,Florida,0,8,19,302,29,331,0.087613293,8.708708709,31,6671,2020-04-05
2020-05-12T190149,Franklin-04/12/2020,2020-04-11,Franklin,Florida,0,0,0,15,0,15,0,0,0,6672,2020-04-05
2020-05-12T190149,Gadsden-04/12/2020,2020-04-11,Gadsden,Florida,0,4,5,121,33,154,0.214285714,21.29032258,41,6673,2020-04-05
2020-05-12T190149,Gilchrist-04/12/2020,2020-04-11,Gilchrist,Florida,0,2,6,55,1,56,0.017857143,1.785714286,1,6674,2020-04-05
2020-05-12T190149,Glades-04/12/2020,2020-04-11,Glades,Florida,0,0,0,7,1,8,0.125,12.5,0,6675,2020-04-05
2020-05-12T190149,Gulf-04/12/2020,2020-04-11,Gulf,Florida,0,2,2,21,0,21,0,0,0,6676,2020-04-05
2020-05-12T190149,Hamilton-04/12/2020,2020-04-11,Hamilton,Florida,0,1,1,25,1,26,0.038461538,3.846153846,1,6677,2020-04-05
2020-05-12T190149,Hardee-04/12/2020,2020-04-11,Hardee,Florida,0,3,8,26,1,27,0.037037037,3.703703704,4,6678,2020-04-05
2020-05-12T190149,Hendry-04/12/2020,2020-04-11,Hendry,Florida,0,6,8,77,22,99,0.222222222,22,20,6679,2020-04-05
2020-05-12T190149,Hernando-04/12/2020,2020-04-11,Hernando,Florida,1,18,33,238,14,252,0.055555556,5.555555556,6,6680,2020-04-05
2020-05-12T190149,Highlands-04/12/2020,2020-04-11,Highlands,Florida,2,25,44,147,15,162,0.092592593,9.259259259,7,6681,2020-04-05
2020-05-12T190149,Hillsborough-04/12/2020,2020-04-11,Hillsborough,Florida,2,135,202,3362,187,3549,0.052690899,5.289814294,103,6682,2020-04-05
2020-05-12T190149,Holmes-04/12/2020,2020-04-11,Holmes,Florida,0,2,4,99,4,103,0.038834951,3.883495146,2,6683,2020-04-05
2020-05-12T190149,Indian River-04/12/2020,2020-04-11,Indian River,Florida,3,11,8,302,10,312,0.032051282,2.903225806,6,6684,2020-04-05
2020-05-12T190149,Jackson-04/12/2020,2020-04-11,Jackson,Florida,0,3,1,76,2,78,0.025641026,2.564102564,3,6685,2020-04-05
2020-05-12T190149,Jefferson-04/12/2020,2020-04-11,Jefferson,Florida,0,0,0,43,13,56,0.232142857,23.21428571,9,6686,2020-04-05
2020-05-12T190149,Lafayette-04/12/2020,2020-04-11,Lafayette,Florida,0,1,2,13,0,13,0,0,0,6687,2020-04-05
2020-05-12T190149,Lake-04/12/2020,2020-04-11,Lake,Florida,3,41,58,958,51,1009,0.050545094,5.04950495,23,6688,2020-04-05
2020-05-12T190149,Lee-04/12/2020,2020-04-11,Lee,Florida,10,127,75,845,140,985,0.14213198,14.5030426,129,6689,2020-04-05
2020-05-12T190149,Leon-04/12/2020,2020-04-11,Leon,Florida,1,13,12,555,58,613,0.094616639,9.400324149,30,6690,2020-04-05
2020-05-12T190149,Levy-04/12/2020,2020-04-11,Levy,Florida,0,3,4,116,4,120,0.033333333,3.278688525,3,6691,2020-04-05
2020-05-12T190149,Liberty-04/12/2020,2020-04-11,Liberty,Florida,0,2,2,14,1,15,0.066666667,6.666666667,0,6692,2020-04-05
2020-05-12T190149,Madison-04/12/2020,2020-04-11,Madison,Florida,0,3,1,62,7,69,0.101449275,10.14492754,12,6693,2020-04-05
2020-05-12T190149,Manatee-04/12/2020,2020-04-11,Manatee,Florida,24,62,77,705,184,889,0.206974128,20.62780269,133,6694,2020-04-05
2020-05-12T190149,Marion-04/12/2020,2020-04-11,Marion,Florida,0,56,63,1001,27,1028,0.026264591,2.61627907,24,6695,2020-04-05
2020-05-12T190149,Martin-04/12/2020,2020-04-11,Martin,Florida,2,10,24,202,25,227,0.110132159,11.40350877,10,6696,2020-04-05
2020-05-12T190149,Monroe-04/12/2020,2020-04-11,Monroe,Florida,0,13,13,281,12,293,0.040955631,4.421768707,10,6697,2020-04-05
2020-05-12T190149,Nassau-04/12/2020,2020-04-11,Nassau,Florida,0,7,10,260,8,268,0.029850746,2.973977695,6,6698,2020-04-05
2020-05-12T190149,Okaloosa-04/12/2020,2020-04-11,Okaloosa,Florida,1,21,21,469,33,502,0.065737052,6.573705179,11,6699,2020-04-05
2020-05-12T190149,Okeechobee-04/12/2020,2020-04-11,Okeechobee,Florida,0,5,6,55,1,56,0.017857143,1.785714286,1,6700,2020-04-05
2020-05-12T190149,Orange-04/12/2020,2020-04-11,Orange,Florida,8,101,98,5074,235,5309,0.044264457,4.470323065,162,6701,2020-04-05
2020-05-12T190149,Osceola-04/12/2020,2020-04-11,Osceola,Florida,2,51,64,988,80,1068,0.074906367,7.584269663,39,6702,2020-04-05
2020-05-12T190149,Palm Beach-04/12/2020,2020-04-11,Palm Beach,Florida,37,141,322,5082,537,5619,0.095568607,9.638554217,599,6703,2020-04-05
2020-05-12T190149,Pasco-04/12/2020,2020-04-11,Pasco,Florida,0,73,82,768,45,813,0.055350554,5.644171779,27,6704,2020-04-05
2020-05-12T190149,Pinellas-04/12/2020,2020-04-11,Pinellas,Florida,3,117,196,1650,138,1788,0.077181208,7.645089286,116,6705,2020-04-05
2020-05-12T190149,Polk-04/12/2020,2020-04-11,Polk,Florida,5,109,181,1161,77,1238,0.062197092,6.214689266,83,6706,2020-04-05
2020-05-12T190149,Putnam-04/12/2020,2020-04-11,Putnam,Florida,0,12,15,215,21,236,0.088983051,8.860759494,23,6707,2020-04-05
2020-05-12T190149,Santa Rosa-04/12/2020,2020-04-11,Santa Rosa,Florida,3,15,17,448,30,478,0.062761506,6.263048017,21,6708,2020-04-05
2020-05-12T190149,Sarasota-04/12/2020,2020-04-11,Sarasota,Florida,13,26,41,1064,57,1121,0.050847458,5.164737311,39,6709,2020-04-05
2020-05-12T190149,Seminole-04/12/2020,2020-04-11,Seminole,Florida,3,36,37,1094,62,1156,0.053633218,5.367965368,31,6710,2020-04-05
2020-05-12T190149,St. Johns-04/12/2020,2020-04-11,St. Johns,Florida,1,38,76,779,17,796,0.021356784,1.886792453,10,6711,2020-04-05
2020-05-12T190149,St. Lucie-04/12/2020,2020-04-11,St. Lucie,Florida,9,47,64,398,46,444,0.103603604,10.46770601,27,6712,2020-04-05
2020-05-12T190149,Sumter-04/12/2020,2020-04-11,Sumter,Florida,1,14,24,365,36,401,0.089775561,9,32,6713,2020-04-05
2020-05-12T190149,Suwannee-04/12/2020,2020-04-11,Suwannee,Florida,7,7,15,99,23,122,0.18852459,18.85245902,15,6714,2020-04-05
2020-05-12T190149,Taylor-04/12/2020,2020-04-11,Taylor,Florida,0,2,3,45,0,45,0,0,2,6715,2020-04-05
2020-05-12T190149,Union-04/12/2020,2020-04-11,Union,Florida,0,0,2,51,0,51,0,0,0,6716,2020-04-05
2020-05-12T190149,Unknown-04/12/2020,2020-04-11,Unknown,Florida,0,87,118,4,0,4,0,0,0,6717,2020-04-05
2020-05-12T190149,Unknown-04/12/2020,2020-04-11,Unknown,Florida,0,1,4,4,0,4,0,0,0,6718,2020-04-05
2020-05-12T190149,Volusia-04/12/2020,2020-04-11,Volusia,Florida,3,52,76,2571,126,2697,0.046718576,4.670126019,119,6719,2020-04-05
2020-05-12T190149,Wakulla-04/12/2020,2020-04-11,Wakulla,Florida,1,0,1,47,6,53,0.113207547,11.32075472,7,6720,2020-04-05
2020-05-12T190149,Walton-04/12/2020,2020-04-11,Walton,Florida,0,9,9,104,3,107,0.028037383,2.803738318,2,6721,2020-04-05
2020-05-12T190149,Washington-04/12/2020,2020-04-11,Washington,Florida,0,1,2,67,2,69,0.028985507,2.898550725,5,6722,2020-04-05
2020-05-12T190149,Alachua-04/19/2020,2020-04-18,Alachua,Florida,2,15,23,1477,45,1522,0.02956636,3.018867925,41,6723,2020-04-12
2020-05-12T190149,Baker-04/19/2020,2020-04-18,Baker,Florida,0,5,6,86,3,89,0.033707865,3.947368421,2,6724,2020-04-12
2020-05-12T190149,Bay-04/19/2020,2020-04-18,Bay,Florida,0,11,19,416,10,426,0.023474178,2.76816609,10,6725,2020-04-12
2020-05-12T190149,Bradford-04/19/2020,2020-04-18,Bradford,Florida,0,1,6,154,1,155,0.006451613,0,0,6726,2020-04-12
2020-05-12T190149,Brevard-04/19/2020,2020-04-18,Brevard,Florida,1,36,50,2105,42,2147,0.01956218,2.154011847,30,6727,2020-04-12
2020-05-12T190149,Broward-04/19/2020,2020-04-18,Broward,Florida,43,180,269,10539,885,11424,0.077468487,7.814900154,537,6728,2020-04-12
2020-05-12T190149,Calhoun-04/19/2020,2020-04-18,Calhoun,Florida,0,3,4,22,0,22,0,0,3,6729,2020-04-12
2020-05-12T190149,Charlotte-04/19/2020,2020-04-18,Charlotte,Florida,5,12,18,516,62,578,0.107266436,12.21804511,44,6730,2020-04-12
2020-05-12T190149,Citrus-04/19/2020,2020-04-18,Citrus,Florida,3,29,16,281,15,296,0.050675676,5.118110236,7,6731,2020-04-12
2020-05-12T190149,Clay-04/19/2020,2020-04-18,Clay,Florida,4,13,33,710,45,755,0.059602649,5.933429812,22,6732,2020-04-12
2020-05-12T190149,Collier-04/19/2020,2020-04-18,Collier,Florida,6,42,60,875,88,963,0.091381101,8.665105386,69,6733,2020-04-12
2020-05-12T190149,Columbia-04/19/2020,2020-04-18,Columbia,Florida,2,19,23,324,11,335,0.032835821,3.278688525,12,6734,2020-04-12
2020-05-12T190149,Dade-04/19/2020,2020-04-18,Dade,Florida,93,423,669,21740,2329,24069,0.096763472,9.49536754,1631,6735,2020-04-12
2020-05-12T190149,Desoto-04/19/2020,2020-04-18,Desoto,Florida,0,0,0,92,1,93,0.010752688,0,7,6736,2020-04-12
2020-05-12T190149,Dixie-04/19/2020,2020-04-18,Dixie,Florida,0,1,2,46,2,48,0.041666667,6.52173913,2,6737,2020-04-12
2020-05-12T190149,Duval-04/19/2020,2020-04-18,Duval,Florida,2,50,117,4993,126,5119,0.024614182,3.012333966,102,6738,2020-04-12
2020-05-12T190149,Escambia-04/19/2020,2020-04-18,Escambia,Florida,3,28,40,1893,110,2003,0.054917624,5.973715651,115,6739,2020-04-12
2020-05-12T190149,Flagler-04/19/2020,2020-04-18,Flagler,Florida,0,5,16,247,46,293,0.156996587,15.29850746,31,6740,2020-04-12
2020-05-12T190149,Franklin-04/19/2020,2020-04-18,Franklin,Florida,0,0,0,21,0,21,0,0,0,6741,2020-04-12
2020-05-12T190149,Gadsden-04/19/2020,2020-04-18,Gadsden,Florida,0,6,6,104,31,135,0.22962963,24,22,6742,2020-04-12
2020-05-12T190149,Gilchrist-04/19/2020,2020-04-18,Gilchrist,Florida,0,0,2,50,0,50,0,0,0,6743,2020-04-12
2020-05-12T190149,Glades-04/19/2020,2020-04-18,Glades,Florida,0,2,1,16,0,16,0,0,1,6744,2020-04-12
2020-05-12T190149,Gulf-04/19/2020,2020-04-18,Gulf,Florida,0,1,1,17,0,17,0,0,0,6745,2020-04-12
2020-05-12T190149,Hamilton-04/19/2020,2020-04-18,Hamilton,Florida,0,4,4,41,3,44,0.068181818,7.692307692,1,6746,2020-04-12
2020-05-12T190149,Hardee-04/19/2020,2020-04-18,Hardee,Florida,0,6,8,17,6,23,0.260869565,27.27272727,13,6747,2020-04-12
2020-05-12T190149,Hendry-04/19/2020,2020-04-18,Hendry,Florida,2,2,9,137,25,162,0.154320988,16.21621622,42,6748,2020-04-12
2020-05-12T190149,Hernando-04/19/2020,2020-04-18,Hernando,Florida,0,15,37,294,5,299,0.016722408,2.230483271,7,6749,2020-04-12
2020-05-12T190149,Highlands-04/19/2020,2020-04-18,Highlands,Florida,0,15,22,459,5,464,0.010775862,1.333333333,8,6750,2020-04-12
2020-05-12T190149,Hillsborough-04/19/2020,2020-04-18,Hillsborough,Florida,3,113,189,3564,93,3657,0.025430681,2.871729419,87,6751,2020-04-12
2020-05-12T190149,Holmes-04/19/2020,2020-04-18,Holmes,Florida,0,2,5,289,3,292,0.010273973,1.030927835,4,6752,2020-04-12
2020-05-12T190149,Indian River-04/19/2020,2020-04-18,Indian River,Florida,2,16,13,346,4,350,0.011428571,1.824817518,3,6753,2020-04-12
2020-05-12T190149,Jackson-04/19/2020,2020-04-18,Jackson,Florida,0,1,1,127,5,132,0.037878788,3.90625,1,6754,2020-04-12
2020-05-12T190149,Jefferson-04/19/2020,2020-04-18,Jefferson,Florida,1,1,0,21,1,22,0.045454545,4.761904762,1,6755,2020-04-12
2020-05-12T190149,Lafayette-04/19/2020,2020-04-18,Lafayette,Florida,0,2,2,23,0,23,0,0,0,6756,2020-04-12
2020-05-12T190149,Lake-04/19/2020,2020-04-18,Lake,Florida,5,40,66,1332,18,1350,0.013333333,1.3481364,12,6757,2020-04-12
2020-05-12T190149,Lee-04/19/2020,2020-04-18,Lee,Florida,11,100,66,4124,216,4340,0.049769585,5.085170341,187,6758,2020-04-12
2020-05-12T190149,Leon-04/19/2020,2020-04-18,Leon,Florida,2,11,16,634,27,661,0.040847201,4.306220096,22,6759,2020-04-12
2020-05-12T190149,Levy-04/19/2020,2020-04-18,Levy,Florida,0,3,2,134,2,136,0.014705882,1.709401709,6,6760,2020-04-12
2020-05-12T190149,Liberty-04/19/2020,2020-04-18,Liberty,Florida,0,0,1,6,0,6,0,0,2,6761,2020-04-12
2020-05-12T190149,Madison-04/19/2020,2020-04-18,Madison,Florida,2,1,3,79,21,100,0.21,19.79166667,23,6762,2020-04-12
2020-05-12T190149,Manatee-04/19/2020,2020-04-18,Manatee,Florida,8,46,69,859,101,960,0.105208333,10.83032491,107,6763,2020-04-12
2020-05-12T190149,Marion-04/19/2020,2020-04-18,Marion,Florida,1,46,44,1127,33,1160,0.028448276,3.006789525,34,6764,2020-04-12
2020-05-12T190149,Martin-04/19/2020,2020-04-18,Martin,Florida,1,8,20,291,25,316,0.079113924,7.011070111,38,6765,2020-04-12
2020-05-12T190149,Monroe-04/19/2020,2020-04-18,Monroe,Florida,0,8,7,210,5,215,0.023255814,1.951219512,1,6766,2020-04-12
2020-05-12T190149,Nassau-04/19/2020,2020-04-18,Nassau,Florida,0,8,14,441,10,451,0.022172949,1.724137931,9,6767,2020-04-12
2020-05-12T190149,Okaloosa-04/19/2020,2020-04-18,Okaloosa,Florida,1,8,15,570,20,590,0.033898305,3.362831858,15,6768,2020-04-12
2020-05-12T190149,Okeechobee-04/19/2020,2020-04-18,Okeechobee,Florida,0,5,3,82,3,85,0.035294118,4.166666667,4,6769,2020-04-12
2020-05-12T190149,Orange-04/19/2020,2020-04-18,Orange,Florida,5,73,74,6569,144,6713,0.021450916,2.267689685,91,6770,2020-04-12
2020-05-12T190149,Osceola-04/19/2020,2020-04-18,Osceola,Florida,2,20,23,1205,51,1256,0.040605096,4.509973981,34,6771,2020-04-12
2020-05-12T190149,Palm Beach-04/19/2020,2020-04-18,Palm Beach,Florida,50,113,260,8020,545,8565,0.063631057,6.767458603,532,6772,2020-04-12
2020-05-12T190149,Pasco-04/19/2020,2020-04-18,Pasco,Florida,1,47,88,935,31,966,0.032091097,3.7470726,33,6773,2020-04-12
2020-05-12T190149,Pinellas-04/19/2020,2020-04-18,Pinellas,Florida,13,91,153,2663,99,2762,0.035843592,3.632653061,79,6774,2020-04-12
2020-05-12T190149,Polk-04/19/2020,2020-04-18,Polk,Florida,7,74,134,1432,86,1518,0.056653491,5.750560119,85,6775,2020-04-12
2020-05-12T190149,Putnam-04/19/2020,2020-04-18,Putnam,Florida,0,15,12,214,31,245,0.126530612,13.17073171,25,6776,2020-04-12
2020-05-12T190149,Santa Rosa-04/19/2020,2020-04-18,Santa Rosa,Florida,0,16,13,469,11,480,0.022916667,2.137767221,15,6777,2020-04-12
2020-05-12T190149,Sarasota-04/19/2020,2020-04-18,Sarasota,Florida,16,13,33,903,42,945,0.044444444,4.272517321,53,6778,2020-04-12
2020-05-12T190149,Seminole-04/19/2020,2020-04-18,Seminole,Florida,3,30,23,1513,39,1552,0.025128866,2.723735409,30,6779,2020-04-12
2020-05-12T190149,St. Johns-04/19/2020,2020-04-18,St. Johns,Florida,0,42,71,736,16,752,0.021276596,2.160493827,10,6780,2020-04-12
2020-05-12T190149,St. Lucie-04/19/2020,2020-04-18,St. Lucie,Florida,5,30,45,561,26,587,0.044293015,5.060728745,24,6781,2020-04-12
2020-05-12T190149,Sumter-04/19/2020,2020-04-18,Sumter,Florida,1,20,24,202,25,227,0.110132159,10.37735849,16,6782,2020-04-12
2020-05-12T190149,Suwannee-04/19/2020,2020-04-18,Suwannee,Florida,5,12,14,118,25,143,0.174825175,15.31531532,27,6783,2020-04-12
2020-05-12T190149,Taylor-04/19/2020,2020-04-18,Taylor,Florida,0,2,2,50,2,52,0.038461538,5.128205128,0,6784,2020-04-12
2020-05-12T190149,Union-04/19/2020,2020-04-18,Union,Florida,0,3,3,53,2,55,0.036363636,4.347826087,2,6785,2020-04-12
2020-05-12T190149,Unknown-04/19/2020,2020-04-18,Unknown,Florida,0,2,4,6,0,6,0,0,0,6786,2020-04-12
2020-05-12T190149,Unknown-04/19/2020,2020-04-18,Unknown,Florida,0,98,112,6,0,6,0,0,0,6787,2020-04-12
2020-05-12T190149,Volusia-04/19/2020,2020-04-18,Volusia,Florida,7,49,82,2794,110,2904,0.037878788,4.004449388,74,6788,2020-04-12
2020-05-12T190149,Wakulla-04/19/2020,2020-04-18,Wakulla,Florida,0,1,4,53,7,60,0.116666667,11.11111111,6,6789,2020-04-12
2020-05-12T190149,Walton-04/19/2020,2020-04-18,Walton,Florida,0,4,3,133,3,136,0.022058824,2.34375,1,6790,2020-04-12
2020-05-12T190149,Washington-04/19/2020,2020-04-18,Washington,Florida,0,1,2,115,6,121,0.049586777,0,0,6791,2020-04-12
2020-05-12T190149,Alachua-04/26/2020,2020-04-25,Alachua,Florida,3,22,25,1102,35,1137,0.030782762,0,40,6792,2020-04-19
2020-05-12T190149,Baker-04/26/2020,2020-04-25,Baker,Florida,0,2,2,69,2,71,0.028169014,0,0,6793,2020-04-19
2020-05-12T190149,Bay-04/26/2020,2020-04-25,Bay,Florida,1,12,9,470,11,481,0.022869023,0,5,6794,2020-04-19
2020-05-12T190149,Bradford-04/26/2020,2020-04-25,Bradford,Florida,0,1,2,129,5,134,0.037313433,0,3,6795,2020-04-19
2020-05-12T190149,Brevard-04/26/2020,2020-04-25,Brevard,Florida,0,29,39,1829,46,1875,0.024533333,0,30,6796,2020-04-19
2020-05-12T190149,Broward-04/26/2020,2020-04-25,Broward,Florida,39,118,210,9190,562,9752,0.057629204,0,421,6797,2020-04-19
2020-05-12T190149,Calhoun-04/26/2020,2020-04-25,Calhoun,Florida,0,2,4,48,9,57,0.157894737,0,8,6798,2020-04-19
2020-05-12T190149,Charlotte-04/26/2020,2020-04-25,Charlotte,Florida,9,8,13,362,47,409,0.114914425,0,68,6799,2020-04-19
2020-05-12T190149,Citrus-04/26/2020,2020-04-25,Citrus,Florida,0,8,9,263,2,265,0.00754717,0,2,6800,2020-04-19
2020-05-12T190149,Clay-04/26/2020,2020-04-25,Clay,Florida,4,10,18,723,14,737,0.018995929,0,15,6801,2020-04-19
2020-05-12T190149,Collier-04/26/2020,2020-04-25,Collier,Florida,6,47,61,870,86,956,0.089958159,0,85,6802,2020-04-19
2020-05-12T190149,Columbia-04/26/2020,2020-04-25,Columbia,Florida,0,20,24,441,43,484,0.088842975,0,41,6803,2020-04-19
2020-05-12T190149,Dade-04/26/2020,2020-04-25,Dade,Florida,101,287,500,16907,1426,18333,0.077783232,0,1108,6804,2020-04-19
2020-05-12T190149,Desoto-04/26/2020,2020-04-25,Desoto,Florida,1,0,0,78,7,85,0.082352941,0,13,6805,2020-04-19
2020-05-12T190149,Dixie-04/26/2020,2020-04-25,Dixie,Florida,0,2,1,54,4,58,0.068965517,0,5,6806,2020-04-19
2020-05-12T190149,Duval-04/26/2020,2020-04-25,Duval,Florida,7,61,105,4789,69,4858,0.014203376,0,65,6807,2020-04-19
2020-05-12T190149,Escambia-04/26/2020,2020-04-25,Escambia,Florida,5,40,50,1752,114,1866,0.061093248,0,86,6808,2020-04-19
2020-05-12T190149,Flagler-04/26/2020,2020-04-25,Flagler,Florida,1,16,34,416,19,435,0.043678161,0,5,6809,2020-04-19
2020-05-12T190149,Franklin-04/26/2020,2020-04-25,Franklin,Florida,0,0,0,29,0,29,0,0,0,6810,2020-04-19
2020-05-12T190149,Gadsden-04/26/2020,2020-04-25,Gadsden,Florida,0,3,3,108,24,132,0.181818182,0,18,6811,2020-04-19
2020-05-12T190149,Gilchrist-04/26/2020,2020-04-25,Gilchrist,Florida,0,0,1,61,1,62,0.016129032,0,2,6812,2020-04-19
2020-05-12T190149,Glades-04/26/2020,2020-04-25,Glades,Florida,0,0,1,15,1,16,0.0625,0,1,6813,2020-04-19
2020-05-12T190149,Gulf-04/26/2020,2020-04-25,Gulf,Florida,0,0,1,33,0,33,0,0,0,6814,2020-04-19
2020-05-12T190149,Hamilton-04/26/2020,2020-04-25,Hamilton,Florida,0,3,4,47,0,47,0,0,0,6815,2020-04-19
2020-05-12T190149,Hardee-04/26/2020,2020-04-25,Hardee,Florida,0,6,8,72,23,95,0.242105263,0,14,6816,2020-04-19
2020-05-12T190149,Hendry-04/26/2020,2020-04-25,Hendry,Florida,2,3,8,126,36,162,0.222222222,0,27,6817,2020-04-19
2020-05-12T190149,Hernando-04/26/2020,2020-04-25,Hernando,Florida,2,17,30,280,6,286,0.020979021,0,5,6818,2020-04-19
2020-05-12T190149,Highlands-04/26/2020,2020-04-25,Highlands,Florida,1,17,32,238,10,248,0.040322581,0,9,6819,2020-04-19
2020-05-12T190149,Hillsborough-04/26/2020,2020-04-25,Hillsborough,Florida,9,109,219,5119,218,5337,0.040846918,0,197,6820,2020-04-19
2020-05-12T190149,Holmes-04/26/2020,2020-04-25,Holmes,Florida,0,1,1,47,1,48,0.020833333,0,0,6821,2020-04-19
2020-05-12T190149,Indian River-04/26/2020,2020-04-25,Indian River,Florida,2,3,6,373,7,380,0.018421053,0,7,6822,2020-04-19
2020-05-12T190149,Jackson-04/26/2020,2020-04-25,Jackson,Florida,0,2,3,113,2,115,0.017391304,0,7,6823,2020-04-19
2020-05-12T190149,Jefferson-04/26/2020,2020-04-25,Jefferson,Florida,0,1,0,37,1,38,0.026315789,0,0,6824,2020-04-19
2020-05-12T190149,Lafayette-04/26/2020,2020-04-25,Lafayette,Florida,0,2,3,18,1,19,0.052631579,0,1,6825,2020-04-19
2020-05-12T190149,Lake-04/26/2020,2020-04-25,Lake,Florida,1,29,44,2125,12,2137,0.005615349,0,7,6826,2020-04-19
2020-05-12T190149,Lee-04/26/2020,2020-04-25,Lee,Florida,7,77,48,1837,158,1995,0.079197995,0,143,6827,2020-04-19
2020-05-12T190149,Leon-04/26/2020,2020-04-25,Leon,Florida,2,11,6,582,25,607,0.041186161,0,13,6828,2020-04-19
2020-05-12T190149,Levy-04/26/2020,2020-04-25,Levy,Florida,0,4,3,192,8,200,0.04,0,1,6829,2020-04-19
2020-05-12T190149,Liberty-04/26/2020,2020-04-25,Liberty,Florida,0,0,5,38,58,96,0.604166667,0,58,6830,2020-04-19
2020-05-12T190149,Madison-04/26/2020,2020-04-25,Madison,Florida,0,2,4,174,13,187,0.069518717,0,4,6831,2020-04-19
2020-05-12T190149,Manatee-04/26/2020,2020-04-25,Manatee,Florida,8,46,68,949,111,1060,0.104716981,0,118,6832,2020-04-19
2020-05-12T190149,Marion-04/26/2020,2020-04-25,Marion,Florida,1,43,45,980,31,1011,0.03066271,0,19,6833,2020-04-19
2020-05-12T190149,Martin-04/26/2020,2020-04-25,Martin,Florida,0,7,22,291,27,318,0.08490566,0,33,6834,2020-04-19
2020-05-12T190149,Monroe-04/26/2020,2020-04-25,Monroe,Florida,0,1,5,255,3,258,0.011627907,0,1,6835,2020-04-19
2020-05-12T190149,Nassau-04/26/2020,2020-04-25,Nassau,Florida,1,5,10,275,5,280,0.017857143,0,4,6836,2020-04-19
2020-05-12T190149,Okaloosa-04/26/2020,2020-04-25,Okaloosa,Florida,2,15,14,798,9,807,0.011152416,0,6,6837,2020-04-19
2020-05-12T190149,Okeechobee-04/26/2020,2020-04-25,Okeechobee,Florida,0,1,4,96,5,101,0.04950495,0,5,6838,2020-04-19
2020-05-12T190149,Orange-04/26/2020,2020-04-25,Orange,Florida,5,62,66,6514,109,6623,0.016457799,0,63,6839,2020-04-19
2020-05-12T190149,Osceola-04/26/2020,2020-04-25,Osceola,Florida,2,10,19,1703,53,1756,0.030182232,0,37,6840,2020-04-19
2020-05-12T190149,Palm Beach-04/26/2020,2020-04-25,Palm Beach,Florida,28,94,245,6173,435,6608,0.065829298,0,453,6841,2020-04-19
2020-05-12T190149,Pasco-04/26/2020,2020-04-25,Pasco,Florida,5,43,67,1026,45,1071,0.042016807,0,27,6842,2020-04-19
2020-05-12T190149,Pinellas-04/26/2020,2020-04-25,Pinellas,Florida,14,85,135,2748,78,2826,0.027600849,0,72,6843,2020-04-19
2020-05-12T190149,Polk-04/26/2020,2020-04-25,Polk,Florida,7,80,113,1789,110,1899,0.057925224,0,89,6844,2020-04-19
2020-05-12T190149,Putnam-04/26/2020,2020-04-25,Putnam,Florida,0,8,13,476,31,507,0.061143984,0,16,6845,2020-04-19
2020-05-12T190149,Santa Rosa-04/26/2020,2020-04-25,Santa Rosa,Florida,2,7,5,375,8,383,0.020887728,0,3,6846,2020-04-19
2020-05-12T190149,Sarasota-04/26/2020,2020-04-25,Sarasota,Florida,8,28,48,841,52,893,0.058230683,0,43,6847,2020-04-19
2020-05-12T190149,Seminole-04/26/2020,2020-04-25,Seminole,Florida,0,17,23,2620,41,2661,0.015407741,0,26,6848,2020-04-19
2020-05-12T190149,St. Johns-04/26/2020,2020-04-25,St. Johns,Florida,0,106,125,892,7,899,0.007786429,0,5,6849,2020-04-19
2020-05-12T190149,St. Lucie-04/26/2020,2020-04-25,St. Lucie,Florida,5,20,33,759,29,788,0.03680203,0,21,6850,2020-04-19
2020-05-12T190149,Sumter-04/26/2020,2020-04-25,Sumter,Florida,2,16,25,245,47,292,0.160958904,0,49,6851,2020-04-19
2020-05-12T190149,Suwannee-04/26/2020,2020-04-25,Suwannee,Florida,3,5,8,276,25,301,0.083056478,0,13,6852,2020-04-19
2020-05-12T190149,Taylor-04/26/2020,2020-04-25,Taylor,Florida,0,0,0,31,0,31,0,0,0,6853,2020-04-19
2020-05-12T190149,Union-04/26/2020,2020-04-25,Union,Florida,0,3,2,50,1,51,0.019607843,0,1,6854,2020-04-19
2020-05-12T190149,Unknown-04/26/2020,2020-04-25,Unknown,Florida,0,74,97,13,0,13,0,0,0,6855,2020-04-19
2020-05-12T190149,Unknown-04/26/2020,2020-04-25,Unknown,Florida,0,3,2,13,0,13,0,0,0,6856,2020-04-19
2020-05-12T190149,Volusia-04/26/2020,2020-04-25,Volusia,Florida,8,45,76,2426,80,2506,0.031923384,0,66,6857,2020-04-19
2020-05-12T190149,Wakulla-04/26/2020,2020-04-25,Wakulla,Florida,0,0,0,131,2,133,0.015037594,0,2,6858,2020-04-19
2020-05-12T190149,Walton-04/26/2020,2020-04-25,Walton,Florida,0,6,6,140,14,154,0.090909091,0,14,6859,2020-04-19
2020-05-12T190149,Washington-04/26/2020,2020-04-25,Washington,Florida,0,4,4,33,0,33,0,0,0,6860,2020-04-19
2020-05-12T190149,Alachua-05/03/2020,2020-05-02,Alachua,Florida,0,14,20,1184,23,1207,0.01905551,0,14,6861,2020-04-26
2020-05-12T190149,Baker-05/03/2020,2020-05-02,Baker,Florida,0,2,4,103,3,106,0.028301887,0,3,6862,2020-04-26
2020-05-12T190149,Bay-05/03/2020,2020-05-02,Bay,Florida,0,12,10,186,0,186,0,0,0,6863,2020-04-26
2020-05-12T190149,Bradford-05/03/2020,2020-05-02,Bradford,Florida,0,7,8,147,0,147,0,0,0,6864,2020-04-26
2020-05-12T190149,Brevard-05/03/2020,2020-05-02,Brevard,Florida,1,30,41,2559,29,2588,0.011205564,0,10,6865,2020-04-26
2020-05-12T190149,Broward-05/03/2020,2020-05-02,Broward,Florida,35,109,171,13391,504,13895,0.03627204,0,241,6866,2020-04-26
2020-05-12T190149,Calhoun-05/03/2020,2020-05-02,Calhoun,Florida,0,1,1,54,12,66,0.181818182,0,9,6867,2020-04-26
2020-05-12T190149,Charlotte-05/03/2020,2020-05-02,Charlotte,Florida,3,12,21,1037,83,1120,0.074107143,0,29,6868,2020-04-26
2020-05-12T190149,Citrus-05/03/2020,2020-05-02,Citrus,Florida,0,21,11,263,5,268,0.018656716,0,3,6869,2020-04-26
2020-05-12T190149,Clay-05/03/2020,2020-05-02,Clay,Florida,2,9,21,756,16,772,0.020725389,0,9,6870,2020-04-26
2020-05-12T190149,Collier-05/03/2020,2020-05-02,Collier,Florida,5,45,65,894,111,1005,0.110447761,0,116,6871,2020-04-26
2020-05-12T190149,Columbia-05/03/2020,2020-05-02,Columbia,Florida,0,11,20,242,11,253,0.043478261,0,4,6872,2020-04-26
2020-05-12T190149,Dade-05/03/2020,2020-05-02,Dade,Florida,58,247,392,17888,1259,19147,0.065754426,0,884,6873,2020-04-26
2020-05-12T190149,Desoto-05/03/2020,2020-05-02,Desoto,Florida,0,0,0,784,15,799,0.018773467,0,5,6874,2020-04-26
2020-05-12T190149,Dixie-05/03/2020,2020-05-02,Dixie,Florida,0,1,1,56,4,60,0.066666667,0,0,6875,2020-04-26
2020-05-12T190149,Duval-05/03/2020,2020-05-02,Duval,Florida,3,40,76,7237,125,7362,0.016979082,0,100,6876,2020-04-26
2020-05-12T190149,Escambia-05/03/2020,2020-05-02,Escambia,Florida,3,30,35,2416,35,2451,0.014279886,0,34,6877,2020-04-26
2020-05-12T190149,Flagler-05/03/2020,2020-05-02,Flagler,Florida,1,13,15,577,6,583,0.010291595,0,2,6878,2020-04-26
2020-05-12T190149,Franklin-05/03/2020,2020-05-02,Franklin,Florida,0,0,0,16,0,16,0,0,0,6879,2020-04-26
2020-05-12T190149,Gadsden-05/03/2020,2020-05-02,Gadsden,Florida,0,1,5,262,23,285,0.080701754,0,18,6880,2020-04-26
2020-05-12T190149,Gilchrist-05/03/2020,2020-05-02,Gilchrist,Florida,0,1,1,54,0,54,0,0,0,6881,2020-04-26
2020-05-12T190149,Glades-05/03/2020,2020-05-02,Glades,Florida,0,1,3,21,1,22,0.045454545,0,1,6882,2020-04-26
2020-05-12T190149,Gulf-05/03/2020,2020-05-02,Gulf,Florida,0,1,1,17,0,17,0,0,0,6883,2020-04-26
2020-05-12T190149,Hamilton-05/03/2020,2020-05-02,Hamilton,Florida,0,4,2,67,11,78,0.141025641,0,11,6884,2020-04-26
2020-05-12T190149,Hardee-05/03/2020,2020-05-02,Hardee,Florida,0,1,2,70,3,73,0.04109589,0,0,6885,2020-04-26
2020-05-12T190149,Hendry-05/03/2020,2020-05-02,Hendry,Florida,2,4,6,325,40,365,0.109589041,0,31,6886,2020-04-26
2020-05-12T190149,Hernando-05/03/2020,2020-05-02,Hernando,Florida,0,9,17,350,4,354,0.011299435,0,2,6887,2020-04-26
2020-05-12T190149,Highlands-05/03/2020,2020-05-02,Highlands,Florida,0,16,22,407,12,419,0.028639618,0,6,6888,2020-04-26
2020-05-12T190149,Hillsborough-05/03/2020,2020-05-02,Hillsborough,Florida,6,95,179,7047,151,7198,0.020978049,0,90,6889,2020-04-26
2020-05-12T190149,Holmes-05/03/2020,2020-05-02,Holmes,Florida,0,2,5,21,0,21,0,0,0,6890,2020-04-26
2020-05-12T190149,Indian River-05/03/2020,2020-05-02,Indian River,Florida,0,5,4,369,3,372,0.008064516,0,2,6891,2020-04-26
2020-05-12T190149,Jackson-05/03/2020,2020-05-02,Jackson,Florida,0,3,2,263,74,337,0.21958457,0,69,6892,2020-04-26
2020-05-12T190149,Jefferson-05/03/2020,2020-05-02,Jefferson,Florida,0,0,0,45,0,45,0,0,0,6893,2020-04-26
2020-05-12T190149,Lafayette-05/03/2020,2020-05-02,Lafayette,Florida,0,0,2,10,1,11,0.090909091,0,1,6894,2020-04-26
2020-05-12T190149,Lake-05/03/2020,2020-05-02,Lake,Florida,1,30,41,2032,6,2038,0.002944063,0,6,6895,2020-04-26
2020-05-12T190149,Lee-05/03/2020,2020-05-02,Lee,Florida,21,71,44,1927,149,2076,0.07177264,0,83,6896,2020-04-26
2020-05-12T190149,Leon-05/03/2020,2020-05-02,Leon,Florida,1,6,6,2314,20,2334,0.00856898,0,13,6897,2020-04-26
2020-05-12T190149,Levy-05/03/2020,2020-05-02,Levy,Florida,0,4,4,217,0,217,0,0,0,6898,2020-04-26
2020-05-12T190149,Liberty-05/03/2020,2020-05-02,Liberty,Florida,0,0,0,1757,138,1895,0.072823219,0,136,6899,2020-04-26
2020-05-12T190149,Madison-05/03/2020,2020-05-02,Madison,Florida,1,1,0,87,3,90,0.033333333,0,0,6900,2020-04-26
2020-05-12T190149,Manatee-05/03/2020,2020-05-02,Manatee,Florida,8,22,42,3324,152,3476,0.043728423,0,80,6901,2020-04-26
2020-05-12T190149,Marion-05/03/2020,2020-05-02,Marion,Florida,0,43,44,1570,23,1593,0.014438167,0,10,6902,2020-04-26
2020-05-12T190149,Martin-05/03/2020,2020-05-02,Martin,Florida,0,10,28,476,53,529,0.100189036,0,18,6903,2020-04-26
2020-05-12T190149,Monroe-05/03/2020,2020-05-02,Monroe,Florida,0,2,2,286,8,294,0.027210884,0,14,6904,2020-04-26
2020-05-12T190149,Nassau-05/03/2020,2020-05-02,Nassau,Florida,0,2,11,302,1,303,0.00330033,0,1,6905,2020-04-26
2020-05-12T190149,Okaloosa-05/03/2020,2020-05-02,Okaloosa,Florida,0,15,6,428,9,437,0.020594966,0,3,6906,2020-04-26
2020-05-12T190149,Okeechobee-05/03/2020,2020-05-02,Okeechobee,Florida,0,3,5,528,13,541,0.024029575,0,10,6907,2020-04-26
2020-05-12T190149,Orange-05/03/2020,2020-05-02,Orange,Florida,1,53,53,7392,86,7478,0.011500401,0,49,6908,2020-04-26
2020-05-12T190149,Osceola-05/03/2020,2020-05-02,Osceola,Florida,1,21,20,1816,35,1851,0.018908698,0,26,6909,2020-04-26
2020-05-12T190149,Palm Beach-05/03/2020,2020-05-02,Palm Beach,Florida,20,101,184,10352,725,11077,0.065450934,0,497,6910,2020-04-26
2020-05-12T190149,Pasco-05/03/2020,2020-05-02,Pasco,Florida,0,46,59,1873,18,1891,0.009518773,0,10,6911,2020-04-26
2020-05-12T190149,Pinellas-05/03/2020,2020-05-02,Pinellas,Florida,19,67,115,4522,88,4610,0.019088937,0,67,6912,2020-04-26
2020-05-12T190149,Polk-05/03/2020,2020-05-02,Polk,Florida,7,57,87,2171,107,2278,0.046971027,0,66,6913,2020-04-26
2020-05-12T190149,Putnam-05/03/2020,2020-05-02,Putnam,Florida,1,12,15,703,8,711,0.011251758,0,4,6914,2020-04-26
2020-05-12T190149,Santa Rosa-05/03/2020,2020-05-02,Santa Rosa,Florida,1,14,10,1268,15,1283,0.011691348,0,16,6915,2020-04-26
2020-05-12T190149,Sarasota-05/03/2020,2020-05-02,Sarasota,Florida,6,15,28,1552,48,1600,0.03,0,21,6916,2020-04-26
2020-05-12T190149,Seminole-05/03/2020,2020-05-02,Seminole,Florida,3,20,22,2295,15,2310,0.006493506,0,8,6917,2020-04-26
2020-05-12T190149,St. Johns-05/03/2020,2020-05-02,St. Johns,Florida,0,56,80,1076,5,1081,0.004625347,0,2,6918,2020-04-26
2020-05-12T190149,St. Lucie-05/03/2020,2020-05-02,St. Lucie,Florida,0,17,30,1565,27,1592,0.016959799,0,14,6919,2020-04-26
2020-05-12T190149,Sumter-05/03/2020,2020-05-02,Sumter,Florida,1,11,17,269,21,290,0.072413793,0,15,6920,2020-04-26
2020-05-12T190149,Suwannee-05/03/2020,2020-05-02,Suwannee,Florida,2,3,3,462,5,467,0.010706638,0,4,6921,2020-04-26
2020-05-12T190149,Taylor-05/03/2020,2020-05-02,Taylor,Florida,0,2,1,82,0,82,0,0,0,6922,2020-04-26
2020-05-12T190149,Union-05/03/2020,2020-05-02,Union,Florida,0,2,5,56,1,57,0.01754386,0,0,6923,2020-04-26
2020-05-12T190149,Unknown-05/03/2020,2020-05-02,Unknown,Florida,0,58,74,118,0,118,0,0,1,6924,2020-04-26
2020-05-12T190149,Unknown-05/03/2020,2020-05-02,Unknown,Florida,0,1,2,118,0,118,0,0,1,6925,2020-04-26
2020-05-12T190149,Volusia-05/03/2020,2020-05-02,Volusia,Florida,2,47,57,2679,30,2709,0.011074197,0,16,6926,2020-04-26
2020-05-12T190149,Wakulla-05/03/2020,2020-05-02,Wakulla,Florida,0,1,2,215,5,220,0.022727273,0,4,6927,2020-04-26
2020-05-12T190149,Walton-05/03/2020,2020-05-02,Walton,Florida,2,8,8,127,9,136,0.066176471,0,11,6928,2020-04-26
2020-05-12T190149,Washington-05/03/2020,2020-05-02,Washington,Florida,0,2,2,26,0,26,0,0,0,6929,2020-04-26
2020-05-12T190149,Alachua-05/10/2020,2020-05-09,Alachua,Florida,0,0,0,1198,13,1211,0.01073493,0,10,6930,2020-05-03
2020-05-12T190149,Baker-05/10/2020,2020-05-09,Baker,Florida,0,0,0,69,0,69,0,0,0,6931,2020-05-03
2020-05-12T190149,Bay-05/10/2020,2020-05-09,Bay,Florida,0,0,0,83,1,84,0.011904762,0,0,6932,2020-05-03
2020-05-12T190149,Bradford-05/10/2020,2020-05-09,Bradford,Florida,0,0,0,134,0,134,0,0,0,6933,2020-05-03
2020-05-12T190149,Brevard-05/10/2020,2020-05-09,Brevard,Florida,0,0,0,1222,16,1238,0.012924071,0,8,6934,2020-05-03
2020-05-12T190149,Broward-05/10/2020,2020-05-09,Broward,Florida,0,0,0,4319,132,4451,0.029656257,0,63,6935,2020-05-03
2020-05-12T190149,Calhoun-05/10/2020,2020-05-09,Calhoun,Florida,0,0,0,108,0,108,0,0,0,6936,2020-05-03
2020-05-12T190149,Charlotte-05/10/2020,2020-05-09,Charlotte,Florida,0,0,0,317,19,336,0.056547619,0,15,6937,2020-05-03
2020-05-12T190149,Citrus-05/10/2020,2020-05-09,Citrus,Florida,0,0,0,294,3,297,0.01010101,0,3,6938,2020-05-03
2020-05-12T190149,Clay-05/10/2020,2020-05-09,Clay,Florida,0,0,0,351,0,351,0,0,0,6939,2020-05-03
2020-05-12T190149,Collier-05/10/2020,2020-05-09,Collier,Florida,4,0,0,515,94,609,0.154351396,0,34,6940,2020-05-03
2020-05-12T190149,Columbia-05/10/2020,2020-05-09,Columbia,Florida,0,0,0,216,2,218,0.009174312,0,0,6941,2020-05-03
2020-05-12T190149,Dade-05/10/2020,2020-05-09,Dade,Florida,3,0,0,6277,414,6691,0.061874159,0,255,6942,2020-05-03
2020-05-12T190149,Desoto-05/10/2020,2020-05-09,Desoto,Florida,1,0,0,73,5,78,0.064102564,0,1,6943,2020-05-03
2020-05-12T190149,Dixie-05/10/2020,2020-05-09,Dixie,Florida,0,0,0,43,1,44,0.022727273,0,0,6944,2020-05-03
2020-05-12T190149,Duval-05/10/2020,2020-05-09,Duval,Florida,0,0,0,2563,37,2600,0.014230769,0,12,6945,2020-05-03
2020-05-12T190149,Escambia-05/10/2020,2020-05-09,Escambia,Florida,0,0,0,459,19,478,0.039748954,0,4,6946,2020-05-03
2020-05-12T190149,Flagler-05/10/2020,2020-05-09,Flagler,Florida,0,0,0,211,0,211,0,0,0,6947,2020-05-03
2020-05-12T190149,Franklin-05/10/2020,2020-05-09,Franklin,Florida,0,0,0,85,0,85,0,0,0,6948,2020-05-03
2020-05-12T190149,Gadsden-05/10/2020,2020-05-09,Gadsden,Florida,0,0,0,60,9,69,0.130434783,0,3,6949,2020-05-03
2020-05-12T190149,Gilchrist-05/10/2020,2020-05-09,Gilchrist,Florida,0,0,0,36,1,37,0.027027027,0,0,6950,2020-05-03
2020-05-12T190149,Glades-05/10/2020,2020-05-09,Glades,Florida,0,0,0,7,1,8,0.125,0,0,6951,2020-05-03
2020-05-12T190149,Gulf-05/10/2020,2020-05-09,Gulf,Florida,0,0,0,113,0,113,0,0,0,6952,2020-05-03
2020-05-12T190149,Hamilton-05/10/2020,2020-05-09,Hamilton,Florida,0,0,0,319,1,320,0.003125,0,1,6953,2020-05-03
2020-05-12T190149,Hardee-05/10/2020,2020-05-09,Hardee,Florida,0,0,0,51,0,51,0,0,0,6954,2020-05-03
2020-05-12T190149,Hendry-05/10/2020,2020-05-09,Hendry,Florida,0,0,0,71,18,89,0.202247191,0,1,6955,2020-05-03
2020-05-12T190149,Hernando-05/10/2020,2020-05-09,Hernando,Florida,0,0,0,212,3,215,0.013953488,0,0,6956,2020-05-03
2020-05-12T190149,Highlands-05/10/2020,2020-05-09,Highlands,Florida,0,0,0,383,3,386,0.007772021,0,2,6957,2020-05-03
2020-05-12T190149,Hillsborough-05/10/2020,2020-05-09,Hillsborough,Florida,4,0,0,4037,53,4090,0.012958435,0,31,6958,2020-05-03
2020-05-12T190149,Holmes-05/10/2020,2020-05-09,Holmes,Florida,0,0,0,17,0,17,0,0,0,6959,2020-05-03
2020-05-12T190149,Indian River-05/10/2020,2020-05-09,Indian River,Florida,1,0,0,97,2,99,0.02020202,0,2,6960,2020-05-03
2020-05-12T190149,Jackson-05/10/2020,2020-05-09,Jackson,Florida,0,0,0,132,37,169,0.218934911,0,35,6961,2020-05-03
2020-05-12T190149,Jefferson-05/10/2020,2020-05-09,Jefferson,Florida,0,0,0,58,0,58,0,0,0,6962,2020-05-03
2020-05-12T190149,Lafayette-05/10/2020,2020-05-09,Lafayette,Florida,0,0,0,10,2,12,0.166666667,0,2,6963,2020-05-03
2020-05-12T190149,Lake-05/10/2020,2020-05-09,Lake,Florida,0,0,0,808,5,813,0.006150062,0,1,6964,2020-05-03
2020-05-12T190149,Lee-05/10/2020,2020-05-09,Lee,Florida,3,0,0,795,51,846,0.060283688,0,23,6965,2020-05-03
2020-05-12T190149,Leon-05/10/2020,2020-05-09,Leon,Florida,0,0,0,1438,12,1450,0.008275862,0,4,6966,2020-05-03
2020-05-12T190149,Levy-05/10/2020,2020-05-09,Levy,Florida,0,0,0,75,1,76,0.013157895,0,1,6967,2020-05-03
2020-05-12T190149,Liberty-05/10/2020,2020-05-09,Liberty,Florida,0,0,0,73,0,73,0,0,0,6968,2020-05-03
2020-05-12T190149,Madison-05/10/2020,2020-05-09,Madison,Florida,0,0,0,54,0,54,0,0,0,6969,2020-05-03
2020-05-12T190149,Manatee-05/10/2020,2020-05-09,Manatee,Florida,0,0,0,820,22,842,0.026128266,0,8,6970,2020-05-03
2020-05-12T190149,Marion-05/10/2020,2020-05-09,Marion,Florida,0,0,0,616,5,621,0.00805153,0,3,6971,2020-05-03
2020-05-12T190149,Martin-05/10/2020,2020-05-09,Martin,Florida,0,0,0,227,20,247,0.08097166,0,9,6972,2020-05-03
2020-05-12T190149,Monroe-05/10/2020,2020-05-09,Monroe,Florida,0,0,0,158,7,165,0.042424242,0,1,6973,2020-05-03
2020-05-12T190149,Nassau-05/10/2020,2020-05-09,Nassau,Florida,0,0,0,196,1,197,0.005076142,0,0,6974,2020-05-03
2020-05-12T190149,Okaloosa-05/10/2020,2020-05-09,Okaloosa,Florida,0,0,0,139,1,140,0.007142857,0,0,6975,2020-05-03
2020-05-12T190149,Okeechobee-05/10/2020,2020-05-09,Okeechobee,Florida,0,0,0,66,1,67,0.014925373,0,0,6976,2020-05-03
2020-05-12T190149,Orange-05/10/2020,2020-05-09,Orange,Florida,0,0,0,2882,34,2916,0.011659808,0,23,6977,2020-05-03
2020-05-12T190149,Osceola-05/10/2020,2020-05-09,Osceola,Florida,3,0,0,750,14,764,0.018324607,0,11,6978,2020-05-03
2020-05-12T190149,Palm Beach-05/10/2020,2020-05-09,Palm Beach,Florida,0,0,0,2460,240,2700,0.088888889,0,84,6979,2020-05-03
2020-05-12T190149,Pasco-05/10/2020,2020-05-09,Pasco,Florida,0,0,0,1138,5,1143,0.004374453,0,1,6980,2020-05-03
2020-05-12T190149,Pinellas-05/10/2020,2020-05-09,Pinellas,Florida,0,0,0,2800,53,2853,0.018576937,0,28,6981,2020-05-03
2020-05-12T190149,Polk-05/10/2020,2020-05-09,Polk,Florida,1,0,0,1284,44,1328,0.03313253,0,25,6982,2020-05-03
2020-05-12T190149,Putnam-05/10/2020,2020-05-09,Putnam,Florida,0,0,0,110,3,113,0.026548673,0,3,6983,2020-05-03
2020-05-12T190149,Santa Rosa-05/10/2020,2020-05-09,Santa Rosa,Florida,0,0,0,189,6,195,0.030769231,0,0,6984,2020-05-03
2020-05-12T190149,Sarasota-05/10/2020,2020-05-09,Sarasota,Florida,0,0,0,451,11,462,0.023809524,0,4,6985,2020-05-03
2020-05-12T190149,Seminole-05/10/2020,2020-05-09,Seminole,Florida,0,0,0,754,4,758,0.005277045,0,1,6986,2020-05-03
2020-05-12T190149,St. Johns-05/10/2020,2020-05-09,St. Johns,Florida,0,0,0,480,1,481,0.002079002,0,1,6987,2020-05-03
2020-05-12T190149,St. Lucie-05/10/2020,2020-05-09,St. Lucie,Florida,1,0,0,395,8,403,0.019851117,0,7,6988,2020-05-03
2020-05-12T190149,Sumter-05/10/2020,2020-05-09,Sumter,Florida,0,0,0,129,1,130,0.007692308,0,0,6989,2020-05-03
2020-05-12T190149,Suwannee-05/10/2020,2020-05-09,Suwannee,Florida,0,0,0,151,2,153,0.013071895,0,1,6990,2020-05-03
2020-05-12T190149,Taylor-05/10/2020,2020-05-09,Taylor,Florida,0,0,0,32,0,32,0,0,0,6991,2020-05-03
2020-05-12T190149,Union-05/10/2020,2020-05-09,Union,Florida,0,0,0,75,1,76,0.013157895,0,1,6992,2020-05-03
2020-05-12T190149,Unknown-05/10/2020,2020-05-09,Unknown,Florida,0,0,0,5,0,5,0,0,0,6993,2020-05-03
2020-05-12T190149,Volusia-05/10/2020,2020-05-09,Volusia,Florida,2,0,0,850,11,861,0.012775842,0,5,6994,2020-05-03
2020-05-12T190149,Wakulla-05/10/2020,2020-05-09,Wakulla,Florida,0,0,0,71,2,73,0.02739726,0,1,6995,2020-05-03
2020-05-12T190149,Walton-05/10/2020,2020-05-09,Walton,Florida,0,0,0,45,4,49,0.081632653,0,2,6996,2020-05-03
2020-05-12T190149,Washington-05/10/2020,2020-05-09,Washington,Florida,0,0,0,42,0,42,0,5.263157895,0,6997,2020-05-03
